"NOMBRE DE LA SERIE",D_1KH99500_D09,D_1KH99100_D09,D_1KH99110_D09,D_1KH99200_D09,D_1KH99300_D09,DCMICN2015INDVO_ETOT.M,DCMICN2015INDVO_EGXE.M,DCMICN2015INDVO_EGXE_D09G472.M,DCMICN2015INDVO_EGRS.M,DCMICN2015INDVO_EGRC.M,DCMICN2015INDVO_EPQC.M,DCMICN2015INDVO_EUNI.M,D_1PM11000,D_1PM11200,D_1PM11100,D_1PM21000,D_1PM21200,D_1PM21100
"NÚMERO SECUENCIAL",1832510,1832506,1832507,1832508,1832509,3273004,3272964,3272984,3272959,3272956,3273001,3273026,253645,253647,253646,253657,253659,253658
"ALIAS DE LA SERIE","BE_23_14.1","BE_23_14.2","BE_23_14.3","BE_23_14.4","BE_23_14.5","BE_23_14.6","BE_23_14.7","BE_23_14.8","BE_23_14.9","BE_23_14.10","BE_23_14.11","BE_23_14.12","BE_23_14.13","BE_23_14.14","BE_23_14.15","BE_23_14.16","BE_23_14.17","BE_23_14.18"
"DESCRIPCIÓN DE LA SERIE","Estadísticas generales. Encuesta de comercio minorista. Índice de confianza","Estadísticas generales. Encuesta de comercio minorista. Situacón de negocio. Actualmente","Estadísticas generales. Encuesta de comercio minorista. Situacón de negocio. Expectativas","Estadísticas generales. Encuesta de comercio minorista. Intención de pedidos","Estadísticas generales. Encuesta de comercio minorista. Nivel de existencias","Estadísticas generales. Índice de Comercio al por Menor. Índice general","Estadísticas generales. Índice de Comercio al por Menor. General sin estaciones de servicio. Del cual. Total","Estadísticas generales. Índice de Comercio al por Menor. General sin estaciones de servicio. Del cual. Alimentación","Estadísticas generales. Índice de Comercio al por Menor. General sin estaciones de servicio. Grandes superficies","Estadísticas generales. Índice de Comercio al por Menor. General sin estaciones de servicio. Grandes cadenas","Estadísticas generales. Índice de Comercio al por Menor. General sin estaciones de servicio. Pequeñas cadenas","Estadísticas generales. Índice de Comercio al por Menor. General sin estaciones de servicio. Empresas unilocalizadas","Estadísticas generales. Encuesta de ocupación hotelera. Viajeros alojados en hoteles","Estadísticas generales. Encuesta de ocupación hotelera. Extranjeros alojados en hoteles","Estadísticas generales. Encuesta de ocupación hotelera. Residentes alojados en hoteles","Estadísticas generales. Encuesta de ocupación hotelera. Pernoctaciones efectuadas en hoteles","Estadísticas generales. Encuesta de ocupación hotelera. Pernoctaciones de extranjeros en hoteles","Estadísticas generales. Encuesta de ocupación hotelera. Pernoctaciones de residentes en hoteles"
"DESCRIPCIÓN DE LAS UNIDADES","Porcentaje neto","Porcentaje neto","Porcentaje neto","Porcentaje neto","Porcentaje neto","Base_2015=100","Base_2015=100","Base_2015=100","Base_2015=100","Base_2015=100","Base_2015=100","Base_2015=100","Personas","Personas","Personas","Pernoctaciones","Pernoctaciones","Pernoctaciones"
"FRECUENCIA","MENSUAL","MENSUAL","MENSUAL","MENSUAL","MENSUAL","MENSUAL","MENSUAL","MENSUAL","MENSUAL","MENSUAL","MENSUAL","MENSUAL","MENSUAL","MENSUAL","MENSUAL","MENSUAL","MENSUAL","MENSUAL"
"ABR 1965","_","_","_","_","_","_","_","_","_","_","_","_",888400,442600,445800,3237900,1787000,1450900
"MAY 1965","_","_","_","_","_","_","_","_","_","_","_","_",966100,507000,459100,3865000,2303200,1561800
"JUN 1965","_","_","_","_","_","_","_","_","_","_","_","_",1074100,607200,466900,4785000,3210900,1574100
"JUL 1965","_","_","_","_","_","_","_","_","_","_","_","_",1326300,821700,504600,6256200,4325300,1930900
"AGO 1965","_","_","_","_","_","_","_","_","_","_","_","_",1545800,988600,557200,7422900,5096700,2326200
"SEP 1965","_","_","_","_","_","_","_","_","_","_","_","_",1350500,798800,551700,5869100,4024500,1844600
"OCT 1965","_","_","_","_","_","_","_","_","_","_","_","_",945400,435600,509800,3605100,1990300,1614800
"NOV 1965","_","_","_","_","_","_","_","_","_","_","_","_",609500,201000,408500,2300800,930200,1370600
"DIC 1965","_","_","_","_","_","_","_","_","_","_","_","_",511900,167900,344000,1986200,797800,1188400
"ENE 1966","_","_","_","_","_","_","_","_","_","_","_","_",523200,178100,345100,2093200,872200,1221000
"FEB 1966","_","_","_","_","_","_","_","_","_","_","_","_",533300,174600,358700,2166600,915300,1251300
"MAR 1966","_","_","_","_","_","_","_","_","_","_","_","_",703600,258500,445100,2689500,1250500,1439000
"ABR 1966","_","_","_","_","_","_","_","_","_","_","_","_",977100,465400,511500,3543300,1976100,1567200
"MAY 1966","_","_","_","_","_","_","_","_","_","_","_","_",1018200,536100,482100,4116400,2591000,1525400
"JUN 1966","_","_","_","_","_","_","_","_","_","_","_","_",1125300,649500,475800,5065200,3537400,1527800
"JUL 1966","_","_","_","_","_","_","_","_","_","_","_","_",1444100,889100,555000,6652500,4691500,1961000
"AGO 1966","_","_","_","_","_","_","_","_","_","_","_","_",1605600,1021800,583800,7703600,5396300,2307300
"SEP 1966","_","_","_","_","_","_","_","_","_","_","_","_",1364400,803800,560600,5931700,4152900,1805800
"OCT 1966","_","_","_","_","_","_","_","_","_","_","_","_",966300,450100,516200,3612100,2021600,1590500
"NOV 1966","_","_","_","_","_","_","_","_","_","_","_","_",627000,209800,417200,2336100,988100,1348000
"DIC 1966","_","_","_","_","_","_","_","_","_","_","_","_",549000,183700,365300,2081200,870200,1211000
"ENE 1967","_","_","_","_","_","_","_","_","_","_","_","_",588600,196300,392300,2267900,1006500,1261400
"FEB 1967","_","_","_","_","_","_","_","_","_","_","_","_",575500,192300,383200,2304000,1045900,1258100
"MAR 1967","_","_","_","_","_","_","_","_","_","_","_","_",864500,327900,536600,3127700,1502900,1624800
"ABR 1967","_","_","_","_","_","_","_","_","_","_","_","_",902400,401000,501400,3288700,1776800,1511900
"MAY 1967","_","_","_","_","_","_","_","_","_","_","_","_",1111200,576900,534300,4561800,2925300,1636500
"JUN 1967","_","_","_","_","_","_","_","_","_","_","_","_",1159400,655200,504200,5476400,3870000,1606400
"JUL 1967","_","_","_","_","_","_","_","_","_","_","_","_",1514400,921700,592700,7160800,5082900,2077900
"AGO 1967","_","_","_","_","_","_","_","_","_","_","_","_",1641500,1002500,639000,8124600,5624300,2500300
"SEP 1967","_","_","_","_","_","_","_","_","_","_","_","_",1408100,795700,612400,6221200,4282000,1939200
"OCT 1967","_","_","_","_","_","_","_","_","_","_","_","_",972100,438400,533700,3709500,2073800,1635700
"NOV 1967","_","_","_","_","_","_","_","_","_","_","_","_",651900,221200,430700,2426600,1069100,1357500
"DIC 1967","_","_","_","_","_","_","_","_","_","_","_","_",603900,213300,390600,2294900,1059200,1235700
"ENE 1968","_","_","_","_","_","_","_","_","_","_","_","_",608500,212800,395700,2421300,1161600,1259700
"FEB 1968","_","_","_","_","_","_","_","_","_","_","_","_",621800,222300,399500,2535600,1259100,1276500
"MAR 1968","_","_","_","_","_","_","_","_","_","_","_","_",760400,291400,469000,2980000,1543500,1436500
"ABR 1968","_","_","_","_","_","_","_","_","_","_","_","_",1097000,514000,583000,4009200,2336900,1672300
"MAY 1968","_","_","_","_","_","_","_","_","_","_","_","_",1080100,551900,528200,4571400,2968600,1602800
"JUN 1968","_","_","_","_","_","_","_","_","_","_","_","_",1252800,683000,569800,5874000,4159400,1714600
"JUL 1968","_","_","_","_","_","_","_","_","_","_","_","_",1523200,918500,604700,7652100,5475500,2176600
"AGO 1968","_","_","_","_","_","_","_","_","_","_","_","_",1760600,1080500,680100,8832100,6200200,2631900
"SEP 1968","_","_","_","_","_","_","_","_","_","_","_","_",1543000,895100,647900,6913300,4901400,2011900
"OCT 1968","_","_","_","_","_","_","_","_","_","_","_","_",1093000,502900,590100,4238400,2539900,1698500
"NOV 1968","_","_","_","_","_","_","_","_","_","_","_","_",758600,271500,487100,2810200,1364000,1446200
"DIC 1968","_","_","_","_","_","_","_","_","_","_","_","_",658200,242300,415900,2503800,1222500,1281300
"ENE 1969","_","_","_","_","_","_","_","_","_","_","_","_",674400,249000,425400,2614300,1319500,1294800
"FEB 1969","_","_","_","_","_","_","_","_","_","_","_","_",667200,244300,422900,2683500,1361800,1321700
"MAR 1969","_","_","_","_","_","_","_","_","_","_","_","_",882400,357100,525300,3385400,1827600,1557800
"ABR 1969","_","_","_","_","_","_","_","_","_","_","_","_",1183300,543900,639400,4470700,2598000,1872700
"MAY 1969","_","_","_","_","_","_","_","_","_","_","_","_",1253800,665300,588500,5411200,3645900,1765300
"JUN 1969","_","_","_","_","_","_","_","_","_","_","_","_",1388600,806400,582200,6685800,4916400,1769400
"JUL 1969","_","_","_","_","_","_","_","_","_","_","_","_",1797700,1094400,703300,8967000,6525300,2441700
"AGO 1969","_","_","_","_","_","_","_","_","_","_","_","_",1983300,1238000,745300,10128800,7231200,2897600
"SEP 1969","_","_","_","_","_","_","_","_","_","_","_","_",1666500,964600,701900,7885900,5724500,2161400
"OCT 1969","_","_","_","_","_","_","_","_","_","_","_","_",1187900,576600,611300,4856100,3077500,1778600
"NOV 1969","_","_","_","_","_","_","_","_","_","_","_","_",813600,311100,502500,3111100,1592800,1518300
"DIC 1969","_","_","_","_","_","_","_","_","_","_","_","_",730300,274900,455400,2842100,1466700,1375400
"ENE 1970","_","_","_","_","_","_","_","_","_","_","_","_",726800,288900,437900,3008300,1637200,1371100
"FEB 1970","_","_","_","_","_","_","_","_","_","_","_","_",733800,284400,449400,3060400,1668000,1392400
"MAR 1970","_","_","_","_","_","_","_","_","_","_","_","_",1112600,486500,626100,4363800,2501400,1862400
"ABR 1970","_","_","_","_","_","_","_","_","_","_","_","_",1128800,561300,567500,4449600,2752400,1697200
"MAY 1970","_","_","_","_","_","_","_","_","_","_","_","_",1396000,766800,629200,5995400,4114900,1880500
"JUN 1970","_","_","_","_","_","_","_","_","_","_","_","_",1469500,847400,622100,7084800,5230100,1854700
"JUL 1970","_","_","_","_","_","_","_","_","_","_","_","_",1893300,1158600,734700,9499100,6927000,2572100
"AGO 1970","_","_","_","_","_","_","_","_","_","_","_","_",2223200,1411400,811800,11548300,8374700,3173600
"SEP 1970","_","_","_","_","_","_","_","_","_","_","_","_",1789700,1053600,736100,8455000,6112100,2342900
"OCT 1970","_","_","_","_","_","_","_","_","_","_","_","_",1326800,658500,668300,5318200,3386800,1931400
"NOV 1970","_","_","_","_","_","_","_","_","_","_","_","_",874400,362200,512200,3514200,1937200,1577000
"DIC 1970","_","_","_","_","_","_","_","_","_","_","_","_",797500,320500,477000,3206500,1766600,1439900
"ENE 1971","_","_","_","_","_","_","_","_","_","_","_","_",805800,347400,458400,3425300,2004100,1421200
"FEB 1971","_","_","_","_","_","_","_","_","_","_","_","_",815800,333200,482600,3493500,2039600,1453900
"MAR 1971","_","_","_","_","_","_","_","_","_","_","_","_",1024100,444900,579200,4279800,2580200,1699600
"ABR 1971","_","_","_","_","_","_","_","_","_","_","_","_",1383500,692500,691000,5413100,3426900,1986200
"MAY 1971","_","_","_","_","_","_","_","_","_","_","_","_",1499600,826200,673400,6426400,4484000,1942400
"JUN 1971","_","_","_","_","_","_","_","_","_","_","_","_",1648000,989100,658900,8449900,6476500,1973400
"JUL 1971","_","_","_","_","_","_","_","_","_","_","_","_",2043600,1271400,772200,10938300,8277700,2660600
"AGO 1971","_","_","_","_","_","_","_","_","_","_","_","_",2163800,1310000,853800,11751600,8542600,3209000
"SEP 1971","_","_","_","_","_","_","_","_","_","_","_","_",1870100,1093600,776500,9351900,6983000,2368900
"OCT 1971","_","_","_","_","_","_","_","_","_","_","_","_",1516200,781900,734300,6551300,4463200,2088100
"NOV 1971","_","_","_","_","_","_","_","_","_","_","_","_",1002500,451500,551000,4102900,2484100,1618800
"DIC 1971","_","_","_","_","_","_","_","_","_","_","_","_",867100,383100,484000,3490200,2017000,1473200
"ENE 1972","_","_","_","_","_","_","_","_","_","_","_","_",917400,425500,491900,4096200,2587400,1508800
"FEB 1972","_","_","_","_","_","_","_","_","_","_","_","_",968100,459800,508300,4406500,2838100,1568400
"MAR 1972","_","_","_","_","_","_","_","_","_","_","_","_",1266500,603000,663500,5115000,3276000,1839000
"ABR 1972","_","_","_","_","_","_","_","_","_","_","_","_",1485400,743000,742400,5888400,3798500,2089900
"MAY 1972","_","_","_","_","_","_","_","_","_","_","_","_",1679100,925500,753600,7565900,5353200,2212700
"JUN 1972","_","_","_","_","_","_","_","_","_","_","_","_",1771000,1075700,695300,9279200,7085700,2193500
"JUL 1972","_","_","_","_","_","_","_","_","_","_","_","_",2322200,1457400,864800,12598000,9559900,3038100
"AGO 1972","_","_","_","_","_","_","_","_","_","_","_","_",2399500,1500500,899000,13278700,9742600,3536100
"SEP 1972","_","_","_","_","_","_","_","_","_","_","_","_",2148100,1324900,823200,10609000,8024300,2584700
"OCT 1972","_","_","_","_","_","_","_","_","_","_","_","_",1669200,941200,728000,7365000,5171200,2193800
"NOV 1972","_","_","_","_","_","_","_","_","_","_","_","_",1110000,511000,599000,4390500,2616000,1774500
"DIC 1972","_","_","_","_","_","_","_","_","_","_","_","_",1053100,473800,579300,4264000,2523000,1741000
"ENE 1973","_","_","_","_","_","_","_","_","_","_","_","_",1032400,464300,568100,4443100,2735600,1707500
"FEB 1973","_","_","_","_","_","_","_","_","_","_","_","_",1030000,475100,554900,4428400,2757600,1670800
"MAR 1973","_","_","_","_","_","_","_","_","_","_","_","_",1313600,609100,704500,5430600,3370000,2060600
"ABR 1973","_","_","_","_","_","_","_","_","_","_","_","_",1766300,902800,863500,7078600,4597300,2481300
"MAY 1973","_","_","_","_","_","_","_","_","_","_","_","_",1734000,944200,789800,7641500,5347400,2294100
"JUN 1973","_","_","_","_","_","_","_","_","_","_","_","_",1987700,1172700,815000,10042500,7631300,2411200
"JUL 1973","_","_","_","_","_","_","_","_","_","_","_","_",2470100,1525100,945000,13200400,10048900,3151500
"AGO 1973","_","_","_","_","_","_","_","_","_","_","_","_",2545700,1546000,999700,13841900,10175400,3666500
"SEP 1973","_","_","_","_","_","_","_","_","_","_","_","_",2228900,1293900,935000,10400700,7727600,2673100
"OCT 1973","_","_","_","_","_","_","_","_","_","_","_","_",1714900,890000,824900,7213500,4813900,2399600
"NOV 1973","_","_","_","_","_","_","_","_","_","_","_","_",1201100,529000,672100,4723400,2747400,1976000
"DIC 1973","_","_","_","_","_","_","_","_","_","_","_","_",1104800,464800,640000,4340400,2430000,1910400
"ENE 1974","_","_","_","_","_","_","_","_","_","_","_","_",1117400,477500,639900,4761800,2830800,1931000
"FEB 1974","_","_","_","_","_","_","_","_","_","_","_","_",1094500,467600,626900,4626300,2688800,1937500
"MAR 1974","_","_","_","_","_","_","_","_","_","_","_","_",1406900,622500,784400,5706900,3374500,2332400
"ABR 1974","_","_","_","_","_","_","_","_","_","_","_","_",1693100,768300,924800,6656200,3931200,2725000
"MAY 1974","_","_","_","_","_","_","_","_","_","_","_","_",1605800,791300,814500,6824300,4380200,2444100
"JUN 1974","_","_","_","_","_","_","_","_","_","_","_","_",1772300,929300,843000,8275100,5753100,2522000
"JUL 1974","_","_","_","_","_","_","_","_","_","_","_","_",2801800,1596700,1205100,12781900,8786500,3995400
"AGO 1974","_","_","_","_","_","_","_","_","_","_","_","_",3232100,1814300,1417800,14944100,9918300,5025800
"SEP 1974","_","_","_","_","_","_","_","_","_","_","_","_",2844600,1525700,1318900,11689000,7943900,3745100
"OCT 1974","_","_","_","_","_","_","_","_","_","_","_","_",2317300,1142300,1175000,8291900,5293900,2998000
"NOV 1974","_","_","_","_","_","_","_","_","_","_","_","_",1576200,594300,981900,5261300,2761000,2500300
"DIC 1974","_","_","_","_","_","_","_","_","_","_","_","_",1406900,543400,863500,4969400,2650800,2318600
"ENE 1975","_","_","_","_","_","_","_","_","_","_","_","_",1451600,572300,879300,5238200,2954100,2284100
"FEB 1975","_","_","_","_","_","_","_","_","_","_","_","_",1443000,560300,882700,5263900,3012300,2251600
"MAR 1975","_","_","_","_","_","_","_","_","_","_","_","_",1915700,759900,1155800,6386300,3558800,2827500
"ABR 1975","_","_","_","_","_","_","_","_","_","_","_","_",2068600,952600,1116000,7067700,4326700,2741000
"MAY 1975","_","_","_","_","_","_","_","_","_","_","_","_",2308800,1128800,1180000,8933400,5814200,3119200
"JUN 1975","_","_","_","_","_","_","_","_","_","_","_","_",2501900,1328200,1173700,10537700,7538800,2998900
"JUL 1975","_","_","_","_","_","_","_","_","_","_","_","_",2992800,1641900,1350900,14405500,10092600,4312900
"AGO 1975","_","_","_","_","_","_","_","_","_","_","_","_",3201400,1728300,1475800,15680300,10432200,5248100
"SEP 1975","_","_","_","_","_","_","_","_","_","_","_","_",2844100,1458300,1385800,11999900,8190800,3809000
"OCT 1975","_","_","_","_","_","_","_","_","_","_","_","_",2132400,900500,1231900,7930800,4781500,3149300
"NOV 1975","_","_","_","_","_","_","_","_","_","_","_","_",1439600,483900,955700,4856100,2479600,2376500
"DIC 1975","_","_","_","_","_","_","_","_","_","_","_","_",1436000,468700,967300,4871200,2528000,2343200
"ENE 1976","_","_","_","_","_","_","_","_","_","_","_","_",1429700,502600,927100,5037200,2728800,2308400
"FEB 1976","_","_","_","_","_","_","_","_","_","_","_","_",1405700,492800,912900,4960700,2655100,2305600
"MAR 1976","_","_","_","_","_","_","_","_","_","_","_","_",1737000,606700,1130300,5733800,3067200,2666600
"ABR 1976","_","_","_","_","_","_","_","_","_","_","_","_",2267400,872700,1394700,7697800,4192900,3504900
"MAY 1976","_","_","_","_","_","_","_","_","_","_","_","_",2263600,992400,1271200,8129800,5088500,3041300
"JUN 1976","_","_","_","_","_","_","_","_","_","_","_","_",2394000,1108000,1286000,9649000,6451200,3197800
"JUL 1976","_","_","_","_","_","_","_","_","_","_","_","_",2908500,1398900,1509600,12789200,8252800,4536400
"AGO 1976","_","_","_","_","_","_","_","_","_","_","_","_",3241200,1516500,1724700,14300900,8567100,5733800
"SEP 1976","_","_","_","_","_","_","_","_","_","_","_","_",2747400,1259700,1487700,10994000,7113200,3880800
"OCT 1976","_","_","_","_","_","_","_","_","_","_","_","_",2748100,1187900,1560200,8980400,5165300,3815100
"NOV 1976","_","_","_","_","_","_","_","_","_","_","_","_",1750700,590700,1160000,5575400,2771800,2803600
"DIC 1976","_","_","_","_","_","_","_","_","_","_","_","_",1560500,538100,1022400,5166700,2614300,2552400
"ENE 1977","_","_","_","_","_","_","_","_","_","_","_","_",1606400,571500,1034900,5744700,3181800,2562900
"FEB 1977","_","_","_","_","_","_","_","_","_","_","_","_",1644700,571100,1073600,5874100,3199300,2674800
"MAR 1977","_","_","_","_","_","_","_","_","_","_","_","_",1984800,748800,1236000,6837600,3824500,3013100
"ABR 1977","_","_","_","_","_","_","_","_","_","_","_","_",2623500,1096100,1527400,9244000,5255700,3988300
"MAY 1977","_","_","_","_","_","_","_","_","_","_","_","_",2590200,1211000,1379200,9681600,6176500,3505100
"JUN 1977","_","_","_","_","_","_","_","_","_","_","_","_",2674100,1323600,1350500,11208700,7478000,3730700
"JUL 1977","_","_","_","_","_","_","_","_","_","_","_","_",3538200,1851100,1687100,15896100,10426700,5469400
"AGO 1977","_","_","_","_","_","_","_","_","_","_","_","_",3823400,1983800,1839600,17701199,11112400,6588800
"SEP 1977","_","_","_","_","_","_","_","_","_","_","_","_",3367400,1724600,1642800,13656400,9090200,4566200
"OCT 1977","_","_","_","_","_","_","_","_","_","_","_","_",2950900,1393300,1557600,10921000,6847000,4074000
"NOV 1977","_","_","_","_","_","_","_","_","_","_","_","_",1824900,668100,1156800,6189700,3299000,2890700
"DIC 1977","_","_","_","_","_","_","_","_","_","_","_","_",1666300,617700,1048600,5647200,3077800,2569400
"ENE 1978","_","_","_","_","_","_","_","_","_","_","_","_",1394100,475200,918900,5985700,3479200,2506500
"FEB 1978","_","_","_","_","_","_","_","_","_","_","_","_",1419800,500000,919800,5998300,3564400,2433900
"MAR 1978","_","_","_","_","_","_","_","_","_","_","_","_",1947800,692300,1255500,7470300,4194200,3276100
"ABR 1978","_","_","_","_","_","_","_","_","_","_","_","_",2205700,1006700,1199000,8624800,5531000,3093800
"MAY 1978","_","_","_","_","_","_","_","_","_","_","_","_",2516300,1247500,1268800,10596600,7309800,3286800
"JUN 1978","_","_","_","_","_","_","_","_","_","_","_","_",2454200,1214000,1240200,11839600,8424400,3415200
"JUL 1978","_","_","_","_","_","_","_","_","_","_","_","_",3282800,1757300,1525500,17161301,12124100,5037200
"AGO 1978","_","_","_","_","_","_","_","_","_","_","_","_",3442300,1780500,1661800,19183100,12805200,6377900
"SEP 1978","_","_","_","_","_","_","_","_","_","_","_","_",2919800,1458900,1460900,14246000,9883100,4362900
"OCT 1978","_","_","_","_","_","_","_","_","_","_","_","_",2180000,951000,1229000,8503600,5348900,3154700
"NOV 1978","_","_","_","_","_","_","_","_","_","_","_","_",1614200,608100,1006100,6130700,3498300,2632400
"DIC 1978","_","_","_","_","_","_","_","_","_","_","_","_",1365700,485500,880200,5616200,3221500,2394700
"ENE 1979","_","_","_","_","_","_","_","_","_","_","_","_",1358400,486800,871600,5679300,3380600,2298700
"FEB 1979","_","_","_","_","_","_","_","_","_","_","_","_",1362800,513200,849600,5646000,3412700,2233300
"MAR 1979","_","_","_","_","_","_","_","_","_","_","_","_",1670400,649900,1020500,6698500,4101000,2597500
"ABR 1979","_","_","_","_","_","_","_","_","_","_","_","_",2443700,1039600,1404100,9469400,5687100,3782300
"MAY 1979","_","_","_","_","_","_","_","_","_","_","_","_",2268000,1072000,1196000,9880000,6746600,3133400
"JUN 1979","_","_","_","_","_","_","_","_","_","_","_","_",2373700,1145200,1228500,11459900,8108400,3351500
"JUL 1979","_","_","_","_","_","_","_","_","_","_","_","_",2749800,1352100,1397700,15012100,10434100,4578000
"AGO 1979","_","_","_","_","_","_","_","_","_","_","_","_",2994800,1359100,1635700,16756400,10659600,6096800
"SEP 1979","_","_","_","_","_","_","_","_","_","_","_","_",2464100,1112600,1351500,11994500,8133500,3861000
"OCT 1979","_","_","_","_","_","_","_","_","_","_","_","_",2053800,839300,1214500,8352900,5342500,3010400
"NOV 1979","_","_","_","_","_","_","_","_","_","_","_","_",1408900,430900,978000,4787900,2367500,2420400
"DIC 1979","_","_","_","_","_","_","_","_","_","_","_","_",1281200,368900,912300,4383000,2119100,2263900
"ENE 1980","_","_","_","_","_","_","_","_","_","_","_","_",1187800,353400,834400,4457400,2336100,2121300
"FEB 1980","_","_","_","_","_","_","_","_","_","_","_","_",1206800,377800,829000,4498400,2389600,2108800
"MAR 1980","_","_","_","_","_","_","_","_","_","_","_","_",1496400,500100,996300,5363400,2879700,2483700
"ABR 1980","_","_","_","_","_","_","_","_","_","_","_","_",2048500,727900,1320600,7159400,3763800,3395600
"MAY 1980","_","_","_","_","_","_","_","_","_","_","_","_",2223800,1037600,1186200,8862700,5867500,2995200
"JUN 1980","_","_","_","_","_","_","_","_","_","_","_","_",2169100,995100,1174000,10045700,6863700,3182000
"JUL 1980","_","_","_","_","_","_","_","_","_","_","_","_",2652900,1241200,1411700,12850700,8526800,4323900
"AGO 1980","_","_","_","_","_","_","_","_","_","_","_","_",3010000,1317100,1692900,15125900,9228600,5897300
"SEP 1980","_","_","_","_","_","_","_","_","_","_","_","_",2505400,1125100,1380300,11600400,7665700,3934700
"OCT 1980","_","_","_","_","_","_","_","_","_","_","_","_",1892400,752300,1140100,7605300,4788500,2816800
"NOV 1980","_","_","_","_","_","_","_","_","_","_","_","_",1397700,429300,968400,4563500,2229700,2333800
"DIC 1980","_","_","_","_","_","_","_","_","_","_","_","_",1286400,370700,915700,4304500,2114400,2190100
"ENE 1981","_","_","_","_","_","_","_","_","_","_","_","_",1349700,436100,913600,4851000,2608900,2242100
"FEB 1981","_","_","_","_","_","_","_","_","_","_","_","_",1301600,403800,897800,4809500,2610900,2198600
"MAR 1981","_","_","_","_","_","_","_","_","_","_","_","_",1586800,506200,1080600,5632200,3011400,2620800
"ABR 1981","_","_","_","_","_","_","_","_","_","_","_","_",2208100,832600,1375500,7452700,4095000,3357700
"MAY 1981","_","_","_","_","_","_","_","_","_","_","_","_",2407800,1115600,1292200,9993500,6730400,3263100
"JUN 1981","_","_","_","_","_","_","_","_","_","_","_","_",2441900,1159800,1282100,11848500,8360800,3487700
"JUL 1981","_","_","_","_","_","_","_","_","_","_","_","_",2956300,1437100,1519200,15349200,10645700,4703500
"AGO 1981","_","_","_","_","_","_","_","_","_","_","_","_",3370300,1561900,1808400,17971000,11502600,6468400
"SEP 1981","_","_","_","_","_","_","_","_","_","_","_","_",2854900,1328400,1526500,13844600,9438500,4406100
"OCT 1981","_","_","_","_","_","_","_","_","_","_","_","_",2261700,947300,1314400,9796100,6480500,3315600
"NOV 1981","_","_","_","_","_","_","_","_","_","_","_","_",1498200,454300,1043900,5149400,2686300,2463100
"DIC 1981","_","_","_","_","_","_","_","_","_","_","_","_",1355900,402900,953000,4940200,2640100,2300100
"ENE 1982","_","_","_","_","_","_","_","_","_","_","_","_",1315500,418800,896700,5200300,2963400,2236900
"FEB 1982","_","_","_","_","_","_","_","_","_","_","_","_",1312900,426800,886100,5217700,2955200,2262500
"MAR 1982","_","_","_","_","_","_","_","_","_","_","_","_",1673400,569600,1103800,6231300,3537600,2693700
"ABR 1982","_","_","_","_","_","_","_","_","_","_","_","_",2281300,894300,1387000,7953300,4562000,3391300
"MAY 1982","_","_","_","_","_","_","_","_","_","_","_","_",2572900,1270600,1302300,10607800,7404100,3203700
"JUN 1982","_","_","_","_","_","_","_","_","_","_","_","_",2370800,1208500,1162300,12435700,9311300,3124400
"JUL 1982","_","_","_","_","_","_","_","_","_","_","_","_",2905900,1490500,1415400,15794000,11499400,4294600
"AGO 1982","_","_","_","_","_","_","_","_","_","_","_","_",3390000,1601100,1788900,17969801,11786100,6183700
"SEP 1982","_","_","_","_","_","_","_","_","_","_","_","_",2982500,1426400,1556100,14750500,10336400,4414100
"OCT 1982","_","_","_","_","_","_","_","_","_","_","_","_",2324500,1025000,1299500,10067100,6847400,3219700
"NOV 1982","_","_","_","_","_","_","_","_","_","_","_","_",1424600,454000,970600,5119200,2851100,2268100
"DIC 1982","_","_","_","_","_","_","_","_","_","_","_","_",1275500,398900,876600,4695400,2637000,2058400
"ENE 1983","_","_","_","_","_","_","_","_","_","_","_","_",1323900,444500,879400,5261100,3121300,2139800
"FEB 1983","_","_","_","_","_","_","_","_","_","_","_","_",1314900,448800,866100,5331300,3151900,2179400
"MAR 1983","_","_","_","_","_","_","_","_","_","_","_","_",1802700,608100,1194600,6611100,3695400,2915700
"ABR 1983","_","_","_","_","_","_","_","_","_","_","_","_",2059200,852800,1206400,7686600,4577100,3109500
"MAY 1983","_","_","_","_","_","_","_","_","_","_","_","_",2557900,1312800,1245100,11057000,7950500,3106500
"JUN 1983","_","_","_","_","_","_","_","_","_","_","_","_",2580200,1287100,1293100,13312600,9767600,3545000
"JUL 1983","_","_","_","_","_","_","_","_","_","_","_","_",3118700,1560500,1558200,16439600,11678400,4761200
"AGO 1983","_","_","_","_","_","_","_","_","_","_","_","_",3394000,1639600,1754400,18234500,11940500,6294000
"SEP 1983","_","_","_","_","_","_","_","_","_","_","_","_",3062200,1513800,1548400,15056600,10711700,4344900
"OCT 1983","_","_","_","_","_","_","_","_","_","_","_","_",2442700,1127200,1315500,10492100,7130600,3361500
"NOV 1983","_","_","_","_","_","_","_","_","_","_","_","_",1495500,513700,981800,5526400,3171900,2354500
"DIC 1983","_","_","_","_","_","_","_","_","_","_","_","_",1331500,446600,884900,4918600,2828400,2090200
"ENE 1984","_","_","_","_","_","_","_","_","_","_","_","_",1348400,454300,894100,5572100,3441900,2130200
"FEB 1984","_","_","_","_","_","_","_","_","_","_","_","_",1372700,468300,904400,5697300,3485400,2211900
"MAR 1984","_","_","_","_","_","_","_","_","_","_","_","_",1741600,676500,1065100,6797100,4214500,2582600
"ABR 1984","_","_","_","_","_","_","_","_","_","_","_","_",2484400,1045700,1438700,9103000,5556500,3546500
"MAY 1984","_","_","_","_","_","_","_","_","_","_","_","_",2716900,1449000,1267900,12483700,9150800,3332900
"JUN 1984","_","_","_","_","_","_","_","_","_","_","_","_",2752400,1424100,1328300,13861500,10458000,3403500
"JUL 1984","_","_","_","_","_","_","_","_","_","_","_","_",3220800,1724300,1496500,17046100,12495000,4551100
"AGO 1984","_","_","_","_","_","_","_","_","_","_","_","_",3600600,1837600,1763000,19180400,13067400,6113000
"SEP 1984","_","_","_","_","_","_","_","_","_","_","_","_",3219100,1644700,1574400,15993000,11665300,4327700
"OCT 1984","_","_","_","_","_","_","_","_","_","_","_","_",2556900,1232800,1324100,11768100,8436500,3331600
"NOV 1984","_","_","_","_","_","_","_","_","_","_","_","_",1591300,557800,1033500,6091700,3675000,2416700
"DIC 1984","_","_","_","_","_","_","_","_","_","_","_","_",1470500,528300,942200,5524700,3417600,2107100
"ENE 1985","...","...","...","...","...","_","_","_","_","_","_","_",1342100,482300,859800,6234500,4077700,2156800
"FEB 1985","...","...","...","...","...","_","_","_","_","_","_","_",1466400,523900,942500,6246200,3949100,2297100
"MAR 1985","...","...","...","...","...","_","_","_","_","_","_","_",1899600,710600,1189000,7078400,4261600,2816800
"ABR 1985","...","...","...","...","...","_","_","_","_","_","_","_",2380600,1010600,1370000,8497700,5146100,3351600
"MAY 1985","...","...","...","...","...","_","_","_","_","_","_","_",2565000,1262700,1302300,10193200,6852700,3340500
"JUN 1985","...","...","...","...","...","_","_","_","_","_","_","_",2691200,1285000,1406200,12111500,8386900,3724600
"JUL 1985","...","...","...","...","...","_","_","_","_","_","_","_",3234100,1625200,1608900,15679300,10857600,4821700
"AGO 1985","...","...","...","...","...","_","_","_","_","_","_","_",3696500,1783500,1913000,18481301,11800600,6680700
"SEP 1985","...","...","...","...","...","_","_","_","_","_","_","_",3192500,1535800,1656700,14808300,10133500,4674800
"OCT 1985","...","...","...","...","...","_","_","_","_","_","_","_",2535000,1152200,1382800,10839900,7321800,3518100
"NOV 1985","...","...","...","...","...","_","_","_","_","_","_","_",1648600,546100,1102500,5878700,3299000,2579700
"DIC 1985","...","...","...","...","...","_","_","_","_","_","_","_",1485900,520200,965700,5204500,3036500,2168000
"ENE 1986","...","...","...","...","...","_","_","_","_","_","_","_",1409900,504100,905800,5793000,3596400,2196600
"FEB 1986","...","...","...","...","...","_","_","_","_","_","_","_",1432300,503600,928700,5731400,3506800,2224600
"MAR 1986","...","...","...","...","...","_","_","_","_","_","_","_",2118300,779100,1339200,7350200,4185700,3164500
"ABR 1986","...","...","...","...","...","_","_","_","_","_","_","_",2270400,995100,1275300,7753200,4776900,2976300
"MAY 1986","...","...","...","...","...","_","_","_","_","_","_","_",3065000,1584900,1480100,12633600,9224600,3409000
"JUN 1986","...","...","...","...","...","_","_","_","_","_","_","_",2872500,1474500,1398000,13827600,10285200,3542400
"JUL 1986","...","...","...","...","...","_","_","_","_","_","_","_",3417000,1754200,1662800,17189600,12451500,4738100
"AGO 1986","...","...","...","...","...","_","_","_","_","_","_","_",3849000,1902000,1947000,19442500,12976400,6466100
"SEP 1986","...","...","...","...","...","_","_","_","_","_","_","_",3401300,1693000,1708300,16075900,11501900,4574000
"OCT 1986","...","...","...","...","...","_","_","_","_","_","_","_",2695200,1281700,1413500,11999900,8575700,3424200
"NOV 1986","...","...","...","...","...","_","_","_","_","_","_","_",1736000,587400,1148600,6071500,3468900,2602600
"DIC 1986","...","...","...","...","...","_","_","_","_","_","_","_",1644700,527800,1116900,5645700,3147700,2498000
"ENE 1987","...","...","...","...","...","_","_","_","_","_","_","_",1416713,529083,887630,5946154,3829918,2116236
"FEB 1987","...","...","...","...","...","_","_","_","_","_","_","_",1451514,535320,916194,6032398,3807769,2224629
"MAR 1987","...","...","...","...","...","_","_","_","_","_","_","_",1847994,709778,1138216,7096321,4361867,2734454
"ABR 1987","...","...","...","...","...","_","_","_","_","_","_","_",2593135,1166449,1426686,9126935,5726327,3400608
"MAY 1987","...","...","...","...","...","_","_","_","_","_","_","_",2883820,1559813,1324007,12744946,9573804,3171142
"JUN 1987","...","...","...","...","...","_","_","_","_","_","_","_",2833016,1481943,1351073,13734266,10385276,3348990
"JUL 1987","...","...","...","...","...","_","_","_","_","_","_","_",3104333,1588558,1515775,15742125,11426000,4316125
"AGO 1987","...","...","...","...","...","_","_","_","_","_","_","_",3573175,1789760,1783415,17821232,11980049,5841183
"SEP 1987","...","...","...","...","...","_","_","_","_","_","_","_",3184093,1576791,1607302,15194387,10966760,4227627
"OCT 1987","...","...","...","...","...","_","_","_","_","_","_","_",2740223,1298807,1441416,11999421,8607720,3391701
"NOV 1987","...","...","...","...","...","_","_","_","_","_","_","_",1689829,615239,1074590,6174837,3733498,2441339
"DIC 1987","...","...","...","...","...","_","_","_","_","_","_","_",1511981,551331,960650,5453086,3323775,2129311
"ENE 1988","...","...","...","...","...","_","_","_","_","_","_","_",1480311,565251,915060,6387106,4239039,2148067
"FEB 1988","...","...","...","...","...","_","_","_","_","_","_","_",1602431,581269,1021162,6567478,4114807,2452671
"MAR 1988","...","...","...","...","...","_","_","_","_","_","_","_",2076059,790629,1285430,7857346,4831104,3026242
"ABR 1988","...","...","...","...","...","_","_","_","_","_","_","_",2417991,1074072,1343919,9064264,5646623,3417641
"MAY 1988","...","...","...","...","...","_","_","_","_","_","_","_",2796706,1435591,1361115,12094995,8827022,3267973
"JUN 1988","...","...","...","...","...","_","_","_","_","_","_","_",2818325,1370795,1447530,13450653,9794714,3655939
"JUL 1988","...","...","...","...","...","_","_","_","_","_","_","_",3201459,1588420,1613039,15623962,10982242,4641720
"AGO 1988","...","...","...","...","...","_","_","_","_","_","_","_",3530769,1651440,1879329,17849574,11466049,6383525
"SEP 1988",6.5,-4.4,23.9,7.5,0.0,"_","_","_","_","_","_","_",3211744,1523799,1687945,14837882,10232899,4604983
"OCT 1988",0.8,-17.9,17.8,2.6,-2.4,"_","_","_","_","_","_","_",2704273,1262779,1441494,11202578,7757286,3445292
"NOV 1988",-0.6,-24.7,17.3,4.9,-5.7,"_","_","_","_","_","_","_",1744676,626210,1118466,6226540,3576226,2650314
"DIC 1988",0.5,-26.8,18.5,8.0,-9.8,"_","_","_","_","_","_","_",1521201,551651,969550,5411704,3085647,2326057
"ENE 1989",-0.1,-21.9,17.3,-6.2,-4.3,"_","_","_","_","_","_","_",1649799,584051,1065748,6295844,3793636,2502208
"FEB 1989",-1.4,-21.3,14.2,-4.1,-2.8,"_","_","_","_","_","_","_",1696604,593401,1103203,6446312,3796425,2649887
"MAR 1989",4.3,-5.1,27.5,-0.5,9.5,"_","_","_","_","_","_","_",2425539,818398,1607141,8211822,4306873,3904949
"ABR 1989",12.8,-13.3,43.9,10.1,-7.8,"_","_","_","_","_","_","_",2437827,1022661,1415166,8269014,4848504,3420510
"MAY 1989",-2.2,-28.0,20.0,7.9,-1.4,"_","_","_","_","_","_","_",3032292,1493809,1538483,11892779,8181409,3711370
"JUN 1989",2.6,-14.8,25.0,4.8,2.4,"_","_","_","_","_","_","_",2805207,1264932,1540275,12125528,8207953,3917575
"JUL 1989",3.0,-20.2,20.6,0.6,-8.7,"_","_","_","_","_","_","_",3201899,1456917,1744982,14765664,9715273,5050391
"AGO 1989",-5.4,-22.4,13.3,-4.4,7.2,"_","_","_","_","_","_","_",3642572,1608541,2034031,17559680,10531255,7028425
"SEP 1989",-8.2,-37.4,19.0,-9.5,6.0,"_","_","_","_","_","_","_",3156804,1397819,1758985,13749362,8884514,4864848
"OCT 1989",-1.5,-24.9,23.8,13.5,3.6,"_","_","_","_","_","_","_",2718434,1179774,1538660,10550368,6830607,3719761
"NOV 1989",-0.6,-23.7,27.3,11.9,5.3,"_","_","_","_","_","_","_",1840789,601163,1239626,6041673,3066434,2975239
"DIC 1989",-2.5,-24.8,24.5,9.0,7.1,"_","_","_","_","_","_","_",1676800,548088,1128712,5339654,2777696,2561958
"ENE 1990",-1.8,-30.9,30.7,20.8,5.3,"_","_","_","_","_","_","_",1581909,517182,1064727,5888127,3324314,2563813
"FEB 1990",-4.4,-28.3,20.8,12.9,5.6,"_","_","_","_","_","_","_",1741563,568387,1173176,6220609,3384998,2835611
"MAR 1990",-9.2,-37.0,12.5,11.7,3.0,"_","_","_","_","_","_","_",2158355,715819,1442536,7600152,3967468,3632684
"ABR 1990",-24.9,-35.2,-30.1,7.8,9.3,"_","_","_","_","_","_","_",2918052,1044619,1873433,9783502,4949271,4834231
"MAY 1990",-7.0,-28.2,16.0,4.2,9.0,"_","_","_","_","_","_","_",2836129,1232977,1603152,10369049,6508455,3860594
"JUN 1990",-9.9,-37.9,10.9,4.6,2.8,"_","_","_","_","_","_","_",2851821,1163926,1687895,11427627,7101154,4326473
"JUL 1990",-7.5,-35.4,22.6,13.2,9.5,"_","_","_","_","_","_","_",3102901,1331572,1771329,13930323,8336756,5593567
"AGO 1990",-5.3,-34.2,23.9,15.1,5.5,"_","_","_","_","_","_","_",3652413,1459421,2192992,17246342,9315964,7930377
"SEP 1990",-7.5,-33.9,14.2,13.6,2.8,"_","_","_","_","_","_","_",3266340,1360224,1906116,13972871,8421836,5551035
"OCT 1990",-12.0,-40.5,14.1,3.0,9.6,"_","_","_","_","_","_","_",2809946,1188814,1621132,10871546,6846432,4025114
"NOV 1990",-10.1,-35.5,12.6,4.4,7.3,"_","_","_","_","_","_","_",1869147,594951,1274196,6072191,3285933,2786258
"DIC 1990",-8.1,-31.0,14.9,8.7,8.3,"_","_","_","_","_","_","_",1672924,495615,1177309,5391706,2898330,2493376
"ENE 1991",-9.4,-33.8,10.0,5.7,4.5,"_","_","_","_","_","_","_",1542378,455109,1087269,5783820,3157352,2626468
"FEB 1991",-8.4,-40.2,20.1,9.0,5.1,"_","_","_","_","_","_","_",1623128,437384,1185744,5868855,3063787,2805068
"MAR 1991",-3.3,-37.1,27.2,16.2,0.0,"_","_","_","_","_","_","_",2274215,620206,1654009,7427075,3400172,4026903
"ABR 1991",-3.9,-35.1,34.0,7.4,10.6,"_","_","_","_","_","_","_",2421197,827145,1594052,8401019,4084283,4316736
"MAY 1991",-4.2,-30.7,22.0,10.8,3.8,"_","_","_","_","_","_","_",2963869,1268369,1695500,11523422,7115638,4407784
"JUN 1991",-7.5,-37.0,19.8,12.5,5.3,"_","_","_","_","_","_","_",2988319,1192499,1795820,12608851,7921627,4687224
"JUL 1991",-5.9,-31.7,20.3,10.2,6.2,"_","_","_","_","_","_","_",3329104,1409694,1919410,15769196,9565040,6204156
"AGO 1991",-2.8,-37.1,27.6,6.1,-1.1,"_","_","_","_","_","_","_",3792702,1523183,2269519,19089965,10379341,8710624
"SEP 1991",-0.2,-31.8,27.8,14.7,-3.4,"_","_","_","_","_","_","_",3401870,1452049,1949821,15299157,9398768,5900389
"OCT 1991",3.2,-22.8,29.3,7.3,-3.0,"_","_","_","_","_","_","_",2810596,1189541,1621055,11080811,7133710,3947101
"NOV 1991",-1.0,-25.6,25.4,3.3,2.9,"_","_","_","_","_","_","_",1883691,568581,1315110,6267225,3099416,3167809
"DIC 1991",-5.3,-31.5,22.3,-3.8,6.8,"_","_","_","_","_","_","_",1726861,469332,1257529,5463608,2620192,2843416
"ENE 1992",-5.5,-30.1,20.6,3.3,7.0,"_","_","_","_","_","_","_",1645561,523740,1121821,5990065,3318715,2671350
"FEB 1992",-2.5,-29.8,27.3,11.6,5.0,"_","_","_","_","_","_","_",1797005,550069,1246936,6424322,3477590,2946732
"MAR 1992",-16.4,-48.1,3.9,-7.0,4.9,"_","_","_","_","_","_","_",2236115,723186,1512929,8078693,4209830,3868863
"ABR 1992",-8.7,-46.1,23.9,-3.8,3.7,"_","_","_","_","_","_","_",2702542,991270,1711272,9211948,4728378,4483570
"MAY 1992",-17.1,-47.1,4.3,-8.8,8.5,"_","_","_","_","_","_","_",3146805,1403971,1742834,12166955,7839627,4327328
"JUN 1992",-19.9,-51.0,4.6,-6.9,13.1,"_","_","_","_","_","_","_",3070007,1296542,1773465,13509581,8802188,4707393
"JUL 1992",-25.9,-54.7,-6.2,-12.5,16.7,"_","_","_","_","_","_","_",3328654,1451543,1877111,15945371,9885770,6059601
"AGO 1992",-26.3,-53.3,-14.9,-6.1,10.8,"_","_","_","_","_","_","_",3909985,1626797,2283188,20207844,11262216,8945627
"SEP 1992",-27.2,-55.6,-12.8,-17.0,13.1,"_","_","_","_","_","_","_",3695658,1623904,2071754,16377876,10169905,6207971
"OCT 1992",-25.5,-55.5,-16.0,-19.8,4.9,"_","_","_","_","_","_","_",2805822,1201576,1604246,11434666,7354048,4080618
"NOV 1992",-28.4,-58.5,-17.7,-18.8,9.2,"_","_","_","_","_","_","_",1795056,571453,1223603,6350147,3261312,3088835
"DIC 1992",-29.8,-61.2,-18.6,-20.1,9.6,"_","_","_","_","_","_","_",1705715,518593,1187122,6006117,3031086,2975031
"ENE 1993",-32.1,-59.7,-21.6,-21.3,14.9,"_","_","_","_","_","_","_",1544527,504697,1039830,6313786,3549259,2764527
"FEB 1993",-36.0,-59.2,-33.7,-31.6,15.2,"_","_","_","_","_","_","_",1731848,561166,1170682,6676178,3722176,2954002
"MAR 1993",-32.0,-66.0,-25.6,-25.4,4.4,"_","_","_","_","_","_","_",2180571,742094,1438477,8034760,4414828,3619932
"ABR 1993",-30.1,-68.8,-12.5,-27.4,8.9,"_","_","_","_","_","_","_",2695647,1035065,1660582,9744232,5222491,4521741
"MAY 1993",-28.6,-69.1,-11.5,-13.0,5.1,"_","_","_","_","_","_","_",2997499,1375286,1622213,11763539,7665891,4097648
"JUN 1993",-24.2,-60.2,-11.6,-17.3,0.9,"_","_","_","_","_","_","_",3023957,1294625,1729332,13438447,8794594,4643853
"JUL 1993",-33.2,-72.7,-21.2,-17.3,5.5,"_","_","_","_","_","_","_",3502969,1540445,1962524,17712855,11125318,6587537
"AGO 1993",-29.7,-65.8,-15.2,-10.5,8.2,"_","_","_","_","_","_","_",4069436,1722775,2346661,21306633,12297072,9009561
"SEP 1993",-31.6,-67.0,-19.1,-18.7,8.6,"_","_","_","_","_","_","_",3624933,1647292,1977641,17161637,10970103,6191534
"OCT 1993",-26.2,-64.0,-5.5,-12.4,9.1,"_","_","_","_","_","_","_",2940872,1295509,1645363,12326872,8233267,4093605
"NOV 1993",-30.7,-64.7,-13.3,-22.6,14.2,"_","_","_","_","_","_","_",1933638,660168,1273470,7102777,3828452,3274325
"DIC 1993",-23.9,-58.1,-3.9,-8.8,9.9,"_","_","_","_","_","_","_",1805892,535315,1270577,6521683,3308765,3212918
"ENE 1994",-23.9,-56.3,-7.0,-7.9,8.6,"_","_","_","_","_","_","_",1632090,580403,1051687,6649424,3978858,2670566
"FEB 1994",-23.8,-54.0,-9.5,-6.1,7.8,"_","_","_","_","_","_","_",1926325,658985,1267340,7187059,4110621,3076438
"MAR 1994",-18.7,-47.4,-5.3,-4.9,3.4,"_","_","_","_","_","_","_",2607865,917365,1690500,9098426,4869918,4228508
"ABR 1994",-19.5,-61.0,7.0,-9.9,4.6,"_","_","_","_","_","_","_",2895200,1206148,1689052,10771022,6006525,4764497
"MAY 1994",-16.6,-56.0,10.4,0.2,4.3,"_","_","_","_","_","_","_",3478545,1773925,1704620,14531816,10095351,4436465
"JUN 1994",-15.8,-45.8,1.1,-0.3,2.6,"_","_","_","_","_","_","_",3527286,1678631,1848655,16684289,11631458,5052832
"JUL 1994",-7.9,-34.3,18.2,5.1,7.7,"_","_","_","_","_","_","_",3897558,1899906,1997652,20908586,14235989,6672597
"AGO 1994",-9.8,-38.3,17.7,5.6,8.8,"_","_","_","_","_","_","_",4242172,1897153,2345019,22468047,13779975,8688072
"SEP 1994",-10.1,-40.6,13.9,8.5,3.7,"_","_","_","_","_","_","_",3984118,1898407,2085711,18747596,12354853,6392743
"OCT 1994",-9.5,-43.1,16.9,9.8,2.2,"_","_","_","_","_","_","_",3183011,1434933,1748078,13351046,9026030,4325016
"NOV 1994",-8.0,-36.7,18.6,13.5,5.8,"_","_","_","_","_","_","_",2125871,744490,1381381,7407561,4059105,3348456
"DIC 1994",-9.4,-43.6,23.4,11.9,7.9,"_","_","_","_","_","_","_",1950030,619874,1330156,6863555,3643373,3220182
"ENE 1995",-11.5,-44.7,15.7,-0.1,5.6,"_",63.986,51.195,58.545,"_","_","_",1786666,645834,1140832,7007931,4192257,2815674
"FEB 1995",-12.9,-49.7,13.4,3.0,2.5,"_",52.302,49.308,44.005,"_","_","_",1995810,718372,1277438,7694857,4522927,3171930
"MAR 1995",-17.0,-43.6,0.5,-14.5,8.0,"_",60.209,57.512,48.344,"_","_","_",2585537,975130,1610407,9556223,5322506,4233717
"ABR 1995",-13.3,-43.4,10.6,1.3,7.2,"_",58.398,55.692,49.480,"_","_","_",3527122,1476188,2050934,12378427,6851076,5527351
"MAY 1995",-13.5,-44.1,11.6,0.5,7.9,"_",62.131,57.832,49.032,"_","_","_",3638920,1914540,1724380,15541579,11139668,4401911
"JUN 1995",-15.0,-48.2,12.9,-0.3,9.7,"_",63.214,59.713,50.574,"_","_","_",3679693,1797943,1881750,17451627,12377248,5074379
"JUL 1995",-8.8,-45.0,22.7,1.6,3.9,"_",66.764,60.721,59.633,"_","_","_",4009026,1901229,2107797,20487520,13832722,6654798
"AGO 1995",-15.2,-48.3,13.5,-1.3,10.8,"_",59.132,57.647,53.012,"_","_","_",4370479,1925054,2445425,22270654,13524217,8746437
"SEP 1995",-12.9,-43.2,12.9,-7.9,8.3,"_",64.408,60.391,56.659,"_","_","_",4075204,1925053,2150151,18644037,12339373,6304664
"OCT 1995",-16.3,-46.7,10.5,-2.0,12.8,"_",63.771,58.588,51.298,"_","_","_",3418189,1521049,1897140,13557674,8919239,4638435
"NOV 1995",-14.1,-46.9,10.7,-1.8,6.0,"_",61.899,57.227,52.528,"_","_","_",2282245,799779,1482466,7775926,4246681,3529245
"DIC 1995",-14.6,-45.1,6.2,-5.7,5.0,"_",82.364,75.012,82.654,"_","_","_",2060092,685854,1374238,7096653,3913830,3182823
"ENE 1996",-8.9,-44.9,16.3,-3.2,-2.0,"_",66.507,52.551,60.649,"_","_","_",1806754,660090,1146664,6887510,4210569,2676941
"FEB 1996",-8.5,-48.2,15.6,-4.7,-7.2,"_",56.237,52.175,48.563,"_","_","_",2051433,756937,1294496,7836715,4667143,3169572
"MAR 1996",-10.2,-48.2,17.6,0.5,-0.1,"_",60.528,56.952,52.575,"_","_","_",2756335,1079716,1676619,9884736,5777656,4107080
"ABR 1996",-9.1,-38.5,23.2,2.3,12.1,"_",60.099,56.644,50.835,"_","_","_",3442084,1449000,1993084,12013588,6724474,5289114
"MAY 1996",-13.2,-47.2,14.9,0.2,7.3,"_",62.302,59.013,53.080,"_","_","_",3840981,1983323,1857658,15240964,10741355,4499609
"JUN 1996",-5.8,-44.0,20.3,-3.3,-6.2,"_",62.615,59.344,53.559,"_","_","_",3887248,1877373,2009875,16660023,11435556,5224468
"JUL 1996",-8.1,-37.6,18.0,-5.0,4.6,"_",68.808,60.979,62.144,"_","_","_",4139100,2007366,2131734,20287572,13555838,6731735
"AGO 1996",-10.2,-39.6,17.6,-3.1,8.4,"_",60.417,58.436,57.086,"_","_","_",4573789,2045123,2528666,22539820,13659930,8879891
"SEP 1996",-10.4,-39.8,19.6,2.4,11.0,"_",64.157,56.628,54.961,"_","_","_",4204887,1995755,2209132,18472453,12238290,6234163
"OCT 1996",-9.0,-39.3,17.9,7.7,5.5,"_",67.364,59.831,56.242,"_","_","_",3543409,1622649,1920760,13480916,8985930,4494986
"NOV 1996",-5.4,-37.2,23.5,14.8,2.6,"_",62.615,56.779,57.060,"_","_","_",2361606,817738,1543868,7963149,4340025,3623124
"DIC 1996",-2.3,-22.2,19.3,10.6,3.9,"_",82.646,69.026,85.035,"_","_","_",2123783,713382,1410401,6991190,3878725,3112465
"ENE 1997",2.6,-19.1,27.4,14.7,0.5,"_",69.041,53.755,64.869,"_","_","_",1865389,682667,1182722,7105046,4339741,2765305
"FEB 1997",-3.9,-28.8,20.4,12.3,3.3,"_",55.766,51.173,48.720,"_","_","_",2212043,776886,1435157,7894277,4667295,3226982
"MAR 1997",-4.7,-21.0,14.6,11.1,7.7,"_",60.197,54.976,53.830,"_","_","_",3075454,1128079,1947375,10467955,5647470,4820485
"ABR 1997",-3.9,-26.4,14.6,8.9,0.0,"_",63.380,57.221,53.643,"_","_","_",3328973,1487444,1841529,11404563,6849090,4555473
"MAY 1997",-1.4,-16.4,15.7,3.1,3.5,"_",64.842,59.288,56.221,"_","_","_",4080519,2066518,2014001,16028827,11105878,4922949
"JUN 1997",-3.3,-20.2,17.7,3.4,7.4,"_",63.575,57.641,53.533,"_","_","_",4084764,1929982,2154782,17512389,12007409,5504979
"JUL 1997",-3.8,-23.3,15.7,7.1,3.8,"_",70.962,60.772,64.385,"_","_","_",4554415,2170358,2384057,21476189,14199032,7277158
"AGO 1997",1.4,-21.8,26.0,14.5,0.1,"_",61.654,57.826,59.691,"_","_","_",5091371,2330480,2760891,24825740,15231319,9594422
"SEP 1997",4.0,-20.7,28.7,17.6,-4.0,"_",66.868,59.646,58.472,"_","_","_",4592530,2180709,2411821,19653029,12909400,6743629
"OCT 1997",-1.1,-21.8,23.0,11.6,4.5,"_",69.824,61.018,59.472,"_","_","_",3816071,1787642,2028429,14515500,9704134,4811366
"NOV 1997",-2.4,-24.7,25.8,14.4,8.3,"_",64.383,56.006,60.175,"_","_","_",2533414,917902,1615512,8301025,4637535,3663490
"DIC 1997",0.0,-22.4,23.6,17.9,1.1,"_",88.552,73.808,93.620,"_","_","_",2362237,791071,1571166,7548769,4136804,3411965
"ENE 1998",0.4,-15.1,22.5,12.6,6.4,"_",73.839,55.748,70.339,"_","_","_",2122339,807771,1314568,7588860,4540422,3048438
"FEB 1998",2.9,-9.6,22.6,11.2,4.4,"_",58.545,52.265,52.335,"_","_","_",2484436,909573,1574863,8597471,5038922,3558549
"MAR 1998",2.1,-18.2,25.8,16.1,1.3,"_",64.145,57.524,55.653,"_","_","_",3166177,1233762,1932415,10654505,6082830,4571675
"ABR 1998",1.9,-14.5,22.4,11.7,2.2,"_",66.629,61.108,58.961,"_","_","_",4012338,1746146,2266191,13372908,7544110,5828798
"MAY 1998",3.3,-6.0,16.6,6.2,0.6,"_",69.977,60.704,59.748,"_","_","_",4492186,2312495,2179690,16890582,11723074,5167509
"JUN 1998",-4.7,-19.9,15.5,6.8,9.7,"_",70.387,61.942,60.665,"_","_","_",4430245,2174848,2255396,18625619,12942382,5683237
"JUL 1998",1.5,-11.3,20.2,6.9,4.3,"_",77.915,65.235,72.501,"_","_","_",4956646,2324426,2632220,22353340,14484443,7868897
"AGO 1998",6.3,-9.3,25.5,16.0,-2.6,"_",65.742,60.156,63.806,"_","_","_",5503802,2476908,3026894,25668252,15440079,10228174
"SEP 1998",3.3,-12.3,22.6,15.7,0.5,"_",71.685,62.160,63.337,"_","_","_",5059366,2395882,2663485,21234711,13840334,7394376
"OCT 1998",6.0,-5.8,25.4,11.6,1.6,"_",75.552,63.880,68.792,"_","_","_",4250303,1967574,2282729,16238864,10836638,5402226
"NOV 1998",5.0,-7.9,23.4,11.2,0.4,"_",68.251,58.817,64.009,"_","_","_",2816954,1004309,1812645,8900603,4902929,3997673
"DIC 1998",3.2,-13.2,22.4,18.2,-0.4,"_",93.019,79.067,101.221,"_","_","_",2548343,846990,1701352,8082697,4361612,3721085
"ENE 1999",1.5,-15.9,24.6,18.2,4.3,"_",74.873,56.432,78.221,"_","_","_",2775738,1078762,1696976,10406167,6390210,4015957
"FEB 1999",-0.1,-16.6,22.2,15.7,5.9,"_",61.036,53.676,58.909,"_","_","_",3205892,1234125,1971767,11451100,6931021,4520079
"MAR 1999",-0.3,-16.5,21.5,9.6,5.8,"_",70.454,60.945,66.260,"_","_","_",4143343,1680861,2462481,14212113,8364216,5847897
"ABR 1999",3.3,-4.9,18.5,10.1,3.8,"_",68.594,59.103,62.822,"_","_","_",4931385,2193231,2738154,17472798,10350825,7121973
"MAY 1999",2.7,-8.3,18.0,10.9,1.7,"_",71.525,59.400,65.447,"_","_","_",5724555,3016308,2708247,21966528,15682588,6283940
"JUN 1999",2.1,-6.2,16.9,14.8,4.5,"_",74.133,64.053,67.396,"_","_","_",5834331,3005142,2829189,24313223,17374616,6938607
"JUL 1999",1.4,-7.1,15.1,10.0,3.7,"_",82.664,67.749,83.519,"_","_","_",6415298,3114667,3300631,28531434,19047406,9484027
"AGO 1999",4.0,-5.3,17.7,12.5,0.3,"_",69.359,61.830,71.016,"_","_","_",6986211,3232236,3753975,31967269,19900960,12066309
"SEP 1999",4.2,-4.8,18.3,17.8,0.9,"_",74.989,65.324,70.876,"_","_","_",6349504,3128741,3220763,26750512,18080183,8670328
"OCT 1999",4.7,-6.6,23.9,14.5,3.3,"_",78.172,64.529,75.637,"_","_","_",5447890,2603260,2844631,21402806,14603554,6799252
"NOV 1999",8.4,-0.5,25.4,13.7,-0.3,"_",74.328,61.942,73.397,"_","_","_",3570715,1438641,2132074,11875758,6993927,4881831
"DIC 1999",3.6,-4.9,20.3,14.6,4.6,"_",99.874,81.570,111.927,"_","_","_",3204082,1073286,2130796,10189931,5316489,4873442
"ENE 2000",2.1,-5.5,18.0,11.8,6.2,78.378,79.684,58.604,84.624,"_","_","_",2808737,1070281,1738456,9828017,5714850,4113167
"FEB 2000",2.6,-3.3,21.6,11.8,10.4,68.492,69.090,58.380,65.843,"_","_","_",3390877,1292495,2098381,11453033,6678100,4774933
"MAR 2000",4.8,-3.2,21.7,18.7,4.1,75.419,75.987,64.613,70.995,"_","_","_",4244207,1839160,2405046,14537790,8804962,5732829
"ABR 2000",-2.8,-10.8,6.7,12.7,4.3,73.875,74.451,64.552,71.740,"_","_","_",5335325,2394072,2941255,18006005,10561863,7444144
"MAY 2000",2.2,-4.9,14.6,15.4,3.2,76.961,77.701,64.288,72.636,"_","_","_",5592100,2935851,2656249,20998662,14675170,6323491
"JUN 2000",9.5,3.5,24.5,16.4,-0.4,78.571,79.371,68.136,75.048,"_","_","_",5806706,2952901,2853802,24084087,16836780,7247304
"JUL 2000",2.9,-2.8,14.0,13.1,2.4,83.771,84.616,69.065,87.843,"_","_","_",6374389,3187121,3187268,28181545,18686936,9494610
"AGO 2000",2.5,-6.4,17.7,13.8,3.8,73.752,73.925,65.134,80.222,"_","_","_",6994683,3188748,3805934,31282474,18770622,12511854
"SEP 2000",0.1,-7.8,12.5,12.4,4.4,77.884,78.710,66.730,78.872,"_","_","_",6327590,3139042,3188546,26175432,17406901,8768530
"OCT 2000",1.1,-6.0,13.8,9.2,4.5,79.804,80.675,65.666,76.934,"_","_","_",5368961,2570396,2798565,20400125,13576793,6823331
"NOV 2000",-0.2,-7.8,13.1,5.7,5.9,78.075,78.943,64.960,77.523,"_","_","_",3691092,1407826,2283268,11871141,6657268,5213875
"DIC 2000",3.9,-3.6,20.4,12.8,5.1,100.519,102.885,83.216,118.788,"_","_","_",3347855,1171635,2176222,10325261,5391360,4933903
"ENE 2001",1.6,-5.2,12.8,5.5,2.8,85.589,87.181,64.216,89.291,"_","_","_",3004915,1128446,1876469,10132886,5761463,4371423
"FEB 2001",-1.2,-14.3,15.6,14.7,5.0,71.974,72.541,61.712,69.125,"_","_","_",3518883,1339747,2179135,11753586,6884292,4869295
"MAR 2001",2.7,-8.0,17.1,11.1,1.1,81.065,81.752,70.644,78.789,"_","_","_",4333254,1814012,2519243,14516657,8602828,5913829
"ABR 2001",-3.3,-15.7,12.1,6.6,6.4,78.279,78.876,70.633,75.408,"_","_","_",5384678,2364361,3020317,18085751,10211964,7873787
"MAY 2001",-1.8,-13.6,12.5,8.5,4.3,82.458,83.307,73.607,78.742,"_","_","_",5673119,3008382,2664737,21063744,14771434,6292310
"JUN 2001",0.8,-14.3,29.3,7.1,12.4,85.733,86.783,77.202,83.644,"_","_","_",5914352,2967681,2946672,23896573,16450180,7446393
"JUL 2001",1.7,-10.3,17.9,14.7,2.5,89.516,90.461,77.392,90.896,"_","_","_",6405959,3161227,3244732,28657024,19011751,9645273
"AGO 2001",0.8,-8.1,15.1,9.6,4.6,81.320,81.764,75.522,86.327,"_","_","_",7179051,3261505,3917546,32004309,19130357,12873952
"SEP 2001",2.7,-1.9,16.6,7.4,6.5,81.107,81.844,73.635,80.732,"_","_","_",6307038,3083433,3223605,26584837,17623937,8960900
"OCT 2001",-3.5,-11.0,6.3,2.0,5.7,85.826,86.844,73.887,84.952,"_","_","_",5310403,2450777,2859626,20014768,13262332,6752436
"NOV 2001",-6.6,-15.6,3.3,1.8,7.4,82.355,83.227,71.479,84.733,"_","_","_",3657828,1321662,2336166,11920037,6441212,5478825
"DIC 2001",-1.2,-6.9,10.2,1.1,6.7,106.684,109.190,90.437,127.274,"_","_","_",3214821,1110768,2104053,10051397,5268853,4782544
"ENE 2002",-3.0,-15.7,14.1,11.5,7.4,88.868,90.434,69.890,92.401,"_","_","_",2873435,1049417,1824018,9797644,5635583,4162060
"FEB 2002",-1.9,-13.2,13.6,7.0,6.0,76.154,76.747,67.379,69.734,"_","_","_",3507891,1344246,2163645,11501625,6623530,4878095
"MAR 2002",-3.9,-12.6,10.9,8.5,10.0,84.339,84.953,76.354,78.590,"_","_","_",4756621,1893318,2863303,15746849,8579091,7167758
"ABR 2002",-2.5,-18.7,19.9,7.1,8.8,85.763,86.524,75.930,77.427,"_","_","_",4853120,2227104,2626016,15757341,9254630,6502711
"MAY 2002",-2.3,-2.4,10.9,-5.0,15.4,88.687,89.425,77.939,81.859,"_","_","_",5677357,2876419,2800938,20427391,13641013,6786378
"JUN 2002",-3.6,-12.1,5.9,3.1,4.4,87.941,88.766,77.886,80.841,"_","_","_",5725690,2816523,2909167,22781459,15372858,7408601
"JUL 2002",-4.1,-20.6,17.2,8.1,9.0,95.878,96.741,81.976,97.023,"_","_","_",6407711,3081427,3326284,27712422,17785730,9926692
"AGO 2002",-3.5,-13.0,6.5,0.1,4.0,84.976,85.123,81.161,89.665,"_","_","_",7383775,3290469,4093306,32147463,18540317,13607146
"SEP 2002",-2.3,-11.9,12.6,4.0,7.7,87.652,88.058,76.334,82.136,"_","_","_",6224753,3018167,3206586,25483036,16474733,9008303
"OCT 2002",-0.8,-14.1,17.4,7.8,5.6,93.126,93.847,79.636,87.547,"_","_","_",5360250,2518553,2841697,19395671,12732147,6663524
"NOV 2002",-1.0,-14.3,16.0,8.6,4.8,88.715,89.590,76.927,89.906,"_","_","_",3714810,1351144,2363666,11536070,6075182,5460888
"DIC 2002",-3.8,-19.7,14.5,2.4,6.0,109.941,112.231,92.390,132.914,"_","_","_",3383399,1143903,2239496,10267810,5121580,5146230
"ENE 2003",-5.6,-20.0,9.4,4.9,6.3,94.719,95.982,73.756,103.659,"_","_","_",2971006,1104571,1866434,10088783,5612594,4476189
"FEB 2003",-0.2,-11.8,14.1,2.9,3.0,81.144,81.414,70.832,76.064,"_","_","_",3463674,1277772,2185902,11135676,6227817,4907859
"MAR 2003",-3.3,-15.6,13.8,6.5,8.1,88.529,88.900,77.598,81.393,"_","_","_",4421552,1799611,2621941,14414114,8307571,6106543
"ABR 2003",0.7,-11.9,19.5,7.9,5.4,90.639,91.378,79.618,84.054,"_","_","_",5408500,2312185,3096315,17483719,9777044,7706675
"MAY 2003",-4.0,-26.7,19.2,11.1,4.6,93.718,94.749,81.623,90.845,"_","_","_",5984961,2997131,2987830,20977540,13871208,7106332
"JUN 2003",-3.3,-17.1,12.5,11.6,5.4,93.181,94.251,80.702,87.737,"_","_","_",6276681,3008150,3268531,24047255,15961355,8085899
"JUL 2003",-3.4,-23.5,18.5,7.8,5.3,101.038,102.118,86.396,103.861,"_","_","_",6795963,3191954,3604009,28557092,17844523,10712570
"AGO 2003",-2.9,-17.5,16.1,6.4,7.3,87.346,87.463,84.794,94.434,"_","_","_",7697588,3375712,4321876,33851008,19349620,14501388
"SEP 2003",-1.9,-21.4,23.5,8.7,7.8,92.651,93.953,82.581,88.924,"_","_","_",6517598,3009162,3508436,25943815,16193655,9750160
"OCT 2003",1.5,-22.1,32.6,11.6,5.9,98.948,100.575,84.391,95.192,"_","_","_",5537248,2575780,2961468,19635547,12560034,7075513
"NOV 2003",0.5,-21.7,29.0,10.7,5.8,91.502,92.734,78.481,94.270,"_","_","_",3868099,1389169,2478930,11600240,5997743,5602497
"DIC 2003",-0.6,-25.3,26.9,10.8,3.4,118.097,120.430,98.534,145.945,"_","_","_",3588510,1207412,2381098,10426118,5162321,5263796
"ENE 2004",-2.6,-18.2,16.7,4.5,6.2,100.000,101.731,77.855,113.570,"_","_","_",3153660,1138833,2014826,10404685,5640535,4764150
"FEB 2004",-1.3,-17.1,21.9,7.3,8.5,86.365,86.994,73.889,81.535,"_","_","_",3970007,1421654,2548353,12278676,6591878,5686798
"MAR 2004",-0.7,-24.6,27.9,10.4,5.3,94.642,95.201,82.260,86.735,"_","_","_",4735606,1848734,2886872,14731784,8072847,6658937
"ABR 2004",2.1,-19.1,29.1,13.2,3.6,96.397,97.059,83.129,91.680,"_","_","_",5591761,2281347,3310414,17537681,9231120,8306562
"MAY 2004",-5.8,-34.6,21.5,15.9,4.4,97.120,97.758,83.014,91.979,"_","_","_",6211439,2978468,3232971,20624722,13226514,7398208
"JUN 2004",-4.8,-25.0,17.2,12.6,6.6,100.229,101.169,85.847,99.026,"_","_","_",6525030,2874994,3650036,23776940,14870928,8906012
"JUL 2004",-6.0,-26.4,13.9,8.2,5.6,107.587,108.633,91.045,114.927,"_","_","_",7232976,3181632,4051344,29131986,17354850,11777136
"AGO 2004",-9.0,-30.1,11.5,1.7,8.3,90.102,89.713,84.726,97.450,"_","_","_",8174422,3411970,4762452,34472302,18680751,15791552
"SEP 2004",-10.1,-33.7,10.4,-1.6,7.1,96.584,97.553,84.528,93.634,"_","_","_",6996313,3130015,3866299,26878757,16486885,10391873
"OCT 2004",-11.5,-36.2,8.3,0.8,6.6,102.064,103.147,86.712,102.171,"_","_","_",6227271,2664099,3563172,21180295,12847986,8332309
"NOV 2004",-10.9,-34.7,10.8,-1.2,8.9,99.807,100.574,83.984,101.467,"_","_","_",4135114,1464468,2670646,12294550,6313220,5981330
"DIC 2004",-10.0,-35.2,13.6,3.8,8.4,124.528,127.165,104.449,154.629,"_","_","_",3877669,1223650,2654019,11384786,5336104,6048682
"ENE 2005",-10.3,-31.7,7.4,-1.3,6.5,103.246,105.184,79.402,120.066,67.502,121.469,123.623,3356718,1217437,2139281,11088055,5994553,5093502
"FEB 2005",-12.5,-34.5,5.1,-3.2,8.1,89.723,90.726,77.430,87.405,59.069,101.296,113.881,4048915,1427854,2621061,12430710,6524410,5906300
"MAR 2005",-7.3,-34.0,20.3,0.5,8.1,99.120,99.739,86.530,94.891,67.698,110.206,122.993,5247632,1855915,3391717,16184767,7893526,8291242
"ABR 2005",-2.5,-28.2,27.0,11.0,6.3,102.638,104.124,87.557,100.577,70.667,115.879,125.528,5516765,2199987,3316778,16480644,8794928,7685716
"MAY 2005",-1.7,-25.9,26.0,10.2,5.3,101.011,102.284,85.604,95.933,67.752,115.146,126.070,6737689,3091461,3646228,22318874,13562524,8756351
"JUN 2005",-5.9,-30.0,17.6,8.4,5.3,104.660,105.500,88.387,102.617,70.209,119.956,128.416,6971240,3105493,3865747,25042689,15451412,9591276
"JUL 2005",-4.6,-21.8,17.2,11.5,9.3,109.367,110.504,91.939,117.847,75.852,126.333,128.724,7795374,3428676,4366698,31022067,18100371,12921696
"AGO 2005",-4.2,-23.2,20.0,10.3,9.3,95.553,95.481,88.770,105.458,72.716,106.814,107.372,8555081,3569348,4985733,35857571,19280936,16576635
"SEP 2005",-5.0,-20.9,14.5,5.1,8.5,102.533,103.020,88.401,101.124,71.259,115.763,122.714,7442751,3404707,4038043,28313666,17286343,11027323
"OCT 2005",-4.4,-23.1,17.7,2.9,7.7,105.453,106.533,89.226,107.268,75.190,120.580,125.187,6414668,2786249,3628419,22163277,13594059,8569218
"NOV 2005",-2.9,-25.6,25.7,0.7,8.6,103.366,104.160,85.448,105.851,70.701,118.647,124.765,4511989,1613591,2898398,13162420,6757162,6405258
"DIC 2005",-5.2,-25.4,13.5,5.1,3.6,129.783,132.787,107.915,167.962,90.747,155.647,143.401,4030203,1327967,2702235,11572418,5521615,6050803
"ENE 2006",-10.5,-30.9,5.0,-0.1,5.5,108.443,110.060,82.303,125.157,74.755,129.031,124.015,4004676,1452820,2551856,12075662,6531942,5543720
"FEB 2006",-13.1,-37.8,5.8,-7.9,7.3,94.154,94.784,79.700,92.451,65.508,108.370,113.665,4709293,1666259,3043034,13221070,6827137,6393933
"MAR 2006",-13.1,-34.9,8.0,-1.6,12.5,105.671,106.470,90.513,102.330,75.491,119.176,128.028,5763835,2210496,3553339,16370344,8659896,7710448
"ABR 2006",-2.3,-22.6,20.4,4.8,4.8,103.664,104.508,89.071,104.914,76.063,116.761,122.393,7293282,2903189,4390094,21185887,10853135,10332751
"MAY 2006",-11.8,-33.9,7.4,-5.5,8.8,108.544,109.508,90.259,105.525,77.088,124.762,131.000,7591789,3643827,3947962,23734897,14851186,8883711
"JUN 2006",-19.8,-40.4,6.6,-0.5,25.4,110.005,110.701,93.598,107.656,79.136,124.529,131.815,8156578,3784857,4371721,27996368,17654210,10342158
"JUL 2006",-9.7,-26.5,5.6,-4.3,8.1,116.181,117.210,97.119,126.469,85.345,132.572,132.790,9057841,4115860,4941982,34105558,20289220,13816338
"AGO 2006",-1.2,-23.0,26.7,3.2,7.3,101.691,102.311,94.534,113.978,81.280,111.166,111.310,9713364,4159747,5553617,37636214,20269122,17367092
"SEP 2006",-4.7,-25.1,16.1,-0.9,5.1,108.357,108.743,93.963,110.105,82.226,118.282,126.069,8420366,3856695,4563672,29918731,18290662,11628069
"OCT 2006",-7.4,-23.4,7.4,-7.0,6.3,110.305,111.630,92.050,108.012,81.693,124.992,131.979,7357196,3210259,4146937,23372257,14040839,9331419
"NOV 2006",-11.4,-32.0,5.2,-4.5,7.3,109.012,110.462,90.914,112.025,79.181,123.848,129.612,5114939,1860034,3254904,14269663,7318339,6951324
"DIC 2006",-8.1,-30.3,11.6,2.5,5.8,135.951,139.340,113.490,176.460,100.419,158.364,147.285,4672741,1547719,3125022,13141207,6353918,6787290
"ENE 2007",-12.3,-36.0,7.4,-3.1,8.3,114.944,116.836,87.488,129.253,82.023,134.493,132.481,4158378,1554060,2604319,12356394,6771914,5584479
"FEB 2007",-10.3,-33.3,10.5,-1.5,8.2,98.874,99.720,83.956,96.632,72.045,110.855,118.977,4853246,1764351,3088894,13555040,7117090,6437950
"MAR 2007",-12.3,-35.2,3.1,-11.5,4.7,113.577,114.279,97.806,112.102,85.570,127.540,133.248,6151952,2382611,3769341,17428802,9288373,8140429
"ABR 2007",-12.0,-31.8,4.5,-5.6,8.9,107.493,108.006,91.979,104.779,79.769,121.055,127.064,7394418,2943555,4450863,21690169,11013241,10676929
"MAY 2007",-9.0,-27.6,3.3,-5.9,2.8,113.505,114.314,95.485,109.541,83.418,130.884,134.583,7639348,3623731,4015617,23486608,14630379,8856229
"JUN 2007",-9.4,-30.9,5.6,-5.1,2.9,116.068,116.677,99.692,115.438,87.378,133.292,134.239,8555535,3897465,4658070,28459008,17608054,10850954
"JUL 2007",-15.0,-32.7,1.6,-9.8,13.7,121.976,122.515,100.377,129.815,91.592,140.187,137.389,9176950,4173411,5003539,34315590,20410430,13905160
"AGO 2007",-7.8,-31.2,10.4,-2.9,2.6,107.845,107.803,99.200,117.981,88.738,123.046,113.381,10025687,4371626,5654061,38132493,20882537,17249956
"SEP 2007",-18.5,-45.5,-1.4,-15.7,8.5,110.715,111.332,95.664,110.570,84.614,124.447,128.219,8621798,4017579,4604220,30142242,18532576,11609665
"OCT 2007",-14.7,-38.2,0.1,-12.2,6.0,118.105,118.652,100.063,114.988,91.666,136.155,135.104,7540505,3315576,4224929,23476804,14270794,9206010
"NOV 2007",-15.9,-35.7,-3.1,-13.4,8.9,115.392,115.444,96.690,118.571,86.618,131.062,131.123,5534255,2032235,3502020,15289839,7762364,7527475
"DIC 2007",-17.5,-40.1,-4.1,-10.0,8.4,139.620,141.812,117.793,181.201,106.779,160.665,145.830,4771361,1706545,3064815,13356493,6805024,6551469
"ENE 2008",-13.4,-36.2,2.2,-5.8,6.3,119.057,119.816,93.016,132.850,89.393,137.463,131.751,4328480,1655332,2673147,12710146,7048547,5661599
"FEB 2008",-23.5,-48.0,-12.2,-18.7,10.2,104.839,104.694,92.666,102.400,81.206,116.327,120.257,5242247,1915534,3326713,14831691,7802745,7028946
"MAR 2008",-26.7,-50.6,-16.7,-20.6,12.7,109.065,108.251,99.036,108.222,87.507,116.401,122.121,6614348,2516444,4097905,19216126,9653678,9562449
"ABR 2008",-33.8,-57.3,-30.0,-32.6,14.2,112.822,111.879,99.104,107.011,88.350,123.935,128.393,6656665,2912321,3744345,19300764,10828903,8471861
"MAY 2008",-22.8,-53.0,-7.4,-16.6,8.2,113.939,113.019,101.635,112.241,90.645,123.749,127.398,8109904,3883693,4226211,25060656,15547934,9512722
"JUN 2008",-24.8,-56.3,-15.1,-21.0,2.9,111.292,110.209,99.432,107.851,86.552,122.335,125.795,8280336,3836568,4443768,27737509,17294496,10443013
"JUL 2008",-25.6,-61.3,-8.8,-17.2,6.7,123.835,122.844,105.960,131.066,98.091,138.716,133.496,9219035,4241225,4977811,34559658,20960235,13599423
"AGO 2008",-35.4,-67.1,-29.1,-34.3,10.0,104.945,103.964,101.457,114.949,90.837,113.550,107.332,9954774,4370616,5584157,37945216,21102064,16843151
"SEP 2008",-32.9,-66.4,-23.2,-34.7,9.0,109.515,109.213,98.208,109.204,89.575,116.424,122.511,8359855,3934420,4425435,29305643,18117526,11188118
"OCT 2008",-31.9,-64.9,-24.0,-31.7,6.8,113.516,113.346,101.002,110.467,94.372,124.088,125.942,7035977,3196269,3839709,22253202,13855895,8397307
"NOV 2008",-26.3,-61.3,-16.2,-20.3,1.4,105.296,105.191,94.370,110.528,85.211,111.696,116.912,4870882,1797971,3072911,13685099,7097485,6587614
"DIC 2008",-33.9,-68.5,-22.7,-37.4,10.6,129.219,132.770,116.272,164.338,106.719,144.212,136.202,4326374,1497327,2829046,11946130,6054041,5892089
"ENE 2009",-29.2,-66.4,-12.5,-27.1,8.8,110.455,112.760,92.998,132.179,90.935,122.075,118.722,3716510,1385510,2331000,11203819,6232114,4971705
"FEB 2009",-28.7,-62.8,-18.9,-28.9,4.3,91.638,92.451,86.015,89.473,74.613,100.809,106.093,4447323,1554878,2892445,12527991,6454422,6073570
"MAR 2009",-26.9,-61.1,-17.0,-28.3,2.8,98.926,99.811,94.065,94.859,82.831,107.129,114.559,5303127,2010533,3292594,15536341,8151127,7385214
"ABR 2009",-31.4,-68.6,-23.4,-32.7,2.4,100.896,101.976,96.474,99.354,86.232,109.151,114.673,6542718,2664552,3878166,19591068,10187933,9403135
"MAY 2009",-22.2,-61.0,-5.2,-23.6,0.5,101.502,102.437,94.892,100.479,85.635,110.508,115.850,7378804,3439471,3939334,22661503,13838041,8823463
"JUN 2009",-22.1,-58.6,-9.6,-26.9,-1.8,105.129,106.022,97.648,106.076,87.971,116.659,116.831,7630129,3441176,4188954,26082353,16117834,9964518
"JUL 2009",-22.7,-62.5,-6.2,-20.5,-0.7,114.240,115.377,102.638,122.566,96.602,126.694,123.283,8712905,3824232,4888672,32764251,19060290,13703961
"AGO 2009",-23.5,-49.8,-14.6,-13.8,6.0,98.108,98.199,96.637,107.004,88.061,105.365,97.688,9423345,3859840,5563505,36192581,18938228,17254353
"SEP 2009",-22.0,-55.8,-14.6,-21.1,-4.5,102.858,103.715,95.311,102.638,87.453,111.880,115.663,7827994,3550788,4277206,27387006,16533993,10853013
"OCT 2009",-20.7,-50.7,-13.3,-17.3,-1.9,106.760,107.586,98.909,105.200,93.177,116.546,118.104,7011612,3052345,3959267,21752259,13005698,8746561
"NOV 2009",-22.0,-54.7,-9.2,-17.3,2.1,100.317,100.709,91.746,101.542,84.550,108.267,111.521,4710822,1720264,2990558,13255271,6748120,6507151
"DIC 2009",-23.9,-54.2,-13.0,-30.5,4.6,128.823,131.719,115.932,164.604,109.575,141.006,131.149,4435027,1498646,2936381,12030368,5960138,6070229
"ENE 2010",-21.8,-54.2,-4.7,-23.5,6.3,107.159,108.447,89.553,128.350,89.612,114.555,112.435,3767159,1415852,2351307,11308373,6213827,5094546
"FEB 2010",-11.3,-44.6,7.0,-8.6,-3.5,91.882,91.944,86.026,90.178,77.146,94.783,103.764,4610953,1667864,2943090,13108750,6836289,6272461
"MAR 2010",-12.0,-40.8,3.0,-15.9,-1.9,104.648,104.687,98.374,101.330,90.392,108.265,116.471,5706500,2162891,3543609,16752851,8701662,8051189
"ABR 2010",-10.5,-43.8,5.4,-17.0,-6.9,100.995,100.869,93.960,96.696,86.036,105.098,113.274,6786265,2908696,3877568,19843019,10267711,9575308
"MAY 2010",-15.3,-47.5,-2.9,-13.2,-4.5,102.697,102.323,94.582,97.714,86.642,108.642,114.813,7810020,3767873,4042148,23982979,14701698,9281281
"JUN 2010",-14.6,-43.3,-6.4,-15.4,-5.9,108.462,108.408,97.503,107.066,89.353,120.564,119.932,8087317,3700356,4386962,27357010,16803178,10553831
"JUL 2010",-21.4,-50.9,-15.3,-26.1,-2.2,114.459,114.376,105.065,121.162,101.489,122.768,119.281,9399554,4396950,5002604,34909440,20997313,13912126
"AGO 2010",-21.0,-56.1,-12.8,-28.3,-6.0,98.806,98.158,96.825,102.480,90.294,105.525,100.615,10014468,4415000,5599468,39085826,21644649,17441176
"SEP 2010",-13.3,-43.4,1.9,-13.0,-1.6,102.317,102.029,95.631,97.963,89.096,106.208,112.969,8400100,4092199,4307901,29696355,18751943,10944412
"OCT 2010",-22.3,-54.9,-11.5,-19.4,0.6,106.718,106.599,98.216,105.916,95.159,112.603,114.042,7679996,3493119,4186876,23976893,14665216,9311677
"NOV 2010",-20.7,-55.7,-12.7,-23.6,-6.3,102.216,101.842,94.152,102.573,88.907,105.411,110.682,4976017,1985132,2990886,14363392,7882715,6480677
"DIC 2010",-22.6,-55.8,-18.9,-27.0,-7.0,127.986,129.464,116.563,159.594,111.707,138.343,127.001,4650521,1649610,3000911,12778595,6460989,6317606
"ENE 2011",-22.3,-52.1,-16.1,-27.1,-1.3,106.813,106.558,89.190,123.742,91.883,112.475,108.682,3929632,1571522,2358110,12183118,7094015,5089103
"FEB 2011",-20.1,-51.7,-8.6,-21.5,0.0,91.981,90.431,86.230,86.392,79.589,93.873,100.254,4831381,1836899,2994483,14238644,7881283,6357361
"MAR 2011",-23.1,-57.7,-11.2,-27.3,0.4,101.168,99.367,96.082,91.622,89.734,102.940,109.800,5829113,2448781,3380332,18086818,10332800,7754018
"ABR 2011",-21.7,-59.0,-5.7,-19.7,0.3,103.751,102.704,98.663,100.452,94.629,104.931,110.027,7423129,3334785,4088344,22618769,12740491,9878278
"MAY 2011",-18.7,-45.2,-6.8,-10.1,4.2,101.103,99.713,94.984,92.544,89.638,102.935,110.621,7797227,4050476,3746751,24670723,16310880,8359843
"JUN 2011",-16.5,-48.3,-4.9,-22.0,-3.8,104.387,103.218,97.906,99.429,92.140,108.828,112.386,8809958,4379761,4430197,30704218,20099117,10605101
"JUL 2011",-17.3,-43.0,-10.2,-16.8,-1.1,111.857,110.766,101.942,117.734,100.165,117.299,114.828,10051429,4957883,5093546,37980214,23878232,14101982
"AGO 2011",-20.3,-46.5,-9.7,-15.3,4.8,98.728,97.312,98.530,101.631,94.204,100.918,97.473,10608293,4993261,5615032,41694917,24400781,17294136
"SEP 2011",-19.0,-46.4,-6.9,-15.9,3.6,100.971,99.553,97.350,96.269,90.901,101.533,108.433,8916593,4492404,4424189,32099863,20901356,11198508
"OCT 2011",-19.3,-47.4,-7.4,-15.2,3.2,103.199,102.001,98.700,97.588,95.552,105.276,108.585,7673432,3764282,3909150,24764256,16247370,8516886
"NOV 2011",-18.4,-49.6,-3.9,-16.0,1.6,98.432,96.978,93.430,94.844,88.557,98.968,104.389,4902197,2010452,2891744,14674921,8386987,6287934
"DIC 2011",-20.4,-48.0,-11.3,-13.2,2.0,123.120,123.764,116.443,148.227,111.320,131.384,120.073,4594592,1701588,2893004,13044798,6963618,6081180
"ENE 2012",-24.6,-51.9,-23.7,-23.4,-1.8,105.466,104.540,90.797,115.019,92.310,110.705,107.323,4034869,1644195,2390674,12600203,7524295,5075907
"FEB 2012",-22.2,-43.3,-16.7,-25.5,6.7,91.493,89.170,88.638,83.911,81.384,91.638,96.613,4762348,1863427,2898921,14163457,7979704,6183754
"MAR 2012",-22.2,-48.8,-17.0,-21.6,0.8,99.747,97.880,99.267,90.006,93.149,98.141,104.817,5771561,2426789,3344772,17393498,9851578,7541920
"ABR 2012",-21.2,-46.3,-13.5,-21.7,3.8,94.545,92.866,94.477,85.455,87.777,93.557,99.737,7103715,3225730,3877984,21445224,12107173,9338052
"MAY 2012",-23.8,-52.6,-11.2,-20.2,7.4,99.364,97.920,95.948,89.065,91.746,99.862,105.797,7725234,4114595,3610640,24628932,16781993,7846939
"JUN 2012",-17.6,-44.5,-1.7,-12.1,6.6,101.228,100.355,100.215,95.416,95.914,101.977,105.256,8587613,4423344,4164269,30243838,20569376,9674462
"JUL 2012",-21.0,-41.7,-9.8,-16.8,11.4,106.356,105.142,100.241,108.353,100.024,109.892,105.844,9616052,5038038,4578014,37395658,24784964,12610694
"AGO 2012",-23.7,-48.1,-10.8,-20.5,12.1,99.907,97.555,100.852,103.690,96.355,100.490,94.540,10239776,5025979,5213797,40581091,25092719,15488372
"SEP 2012",-25.5,-51.5,-18.1,-23.0,7.1,91.270,89.489,93.433,85.382,88.481,88.854,92.146,8756163,4735668,4020495,32045387,22083118,9962269
"OCT 2012",-20.5,-45.5,-14.5,-22.1,1.5,97.832,96.173,97.439,88.558,95.947,97.376,98.983,7258395,3707277,3551117,23909187,16327182,7582005
"NOV 2012",-16.1,-37.2,-5.1,-19.2,5.9,93.417,91.613,93.178,89.112,89.012,92.289,94.354,4772075,2041577,2730498,13854509,8366415,5488094
"DIC 2012",-18.0,-42.0,-6.3,-19.8,5.5,113.972,114.299,113.269,135.170,110.206,115.799,107.789,4334680,1690109,2644571,12398564,7089783,5308780
"ENE 2013",-20.3,-40.1,-15.8,-23.6,5.0,99.575,98.578,89.464,105.799,93.788,103.437,97.555,3694459,1587007,2107452,11887105,7418969,4468136
"FEB 2013",-16.6,-42.1,-6.7,-17.8,0.9,85.010,83.164,85.349,80.319,80.169,84.003,86.805,4347642,1803744,2543898,13104722,7827815,5276907
"MAR 2013",-16.9,-44.0,-9.9,-18.7,-3.2,91.541,89.728,96.084,83.890,89.824,88.512,92.951,6171037,2574096,3596941,18815829,10475908,8339921
"ABR 2013",-13.6,-39.0,-6.0,-11.5,-4.1,93.532,92.141,94.733,84.079,91.536,93.023,96.151,6283128,3175137,3107991,19135958,11963621,7172337
"MAY 2013",-18.5,-46.9,-8.6,-22.9,0.1,96.490,95.216,97.429,87.639,93.505,96.136,99.927,8113029,4435018,3678011,26359256,18162269,8196987
"JUN 2013",-12.5,-34.8,0.2,-9.4,3.0,96.610,95.573,97.152,90.464,93.904,96.344,99.179,8725022,4615862,4109160,30808604,21451621,9356983
"JUL 2013",-9.3,-32.2,2.3,-9.9,-2.1,106.352,105.223,103.774,106.151,103.980,108.184,104.847,9644412,5021913,4622498,37670863,25171724,12499139
"AGO 2013",-6.5,-26.1,7.8,-1.2,1.1,96.620,94.769,103.110,94.724,98.593,94.842,91.681,10715764,5289147,5426618,41900828,26024469,15876358
"SEP 2013",-5.3,-22.3,10.2,-2.0,3.8,93.281,91.880,94.168,87.835,90.202,91.711,95.371,8886542,4831191,4055351,32647844,22708696,9939148
"OCT 2013",-5.0,-25.3,10.0,-2.8,-0.2,97.421,96.104,98.698,87.419,97.077,96.535,99.248,7468192,3938882,3529310,25015770,17407737,7608032
"NOV 2013",-2.6,-17.2,12.0,-0.4,2.6,95.633,94.527,95.532,94.181,93.659,95.004,95.386,5112181,2150141,2962040,15087587,8882441,6205146
"DIC 2013",5.5,-11.4,21.8,13.0,-6.1,114.437,114.930,113.463,135.647,110.951,116.573,108.338,4659511,1829407,2830104,13595795,7900963,5694832
"ENE 2014",6.6,-8.4,25.2,7.7,-3.0,99.753,99.356,91.791,107.880,94.608,102.563,97.918,3939144,1751060,2188084,12807505,8261004,4546501
"FEB 2014",1.1,-10.0,16.5,4.4,3.3,84.711,83.461,85.995,80.276,80.334,84.338,86.451,4657133,1917447,2739686,13875208,8418274,5456934
"MAR 2014",7.5,-4.5,25.7,12.9,-1.2,91.914,90.511,95.420,83.001,90.111,90.401,93.502,5770836,2609411,3161425,18129451,11091589,7037862
"ABR 2014",6.9,-6.0,26.6,13.1,-0.2,93.930,92.772,95.626,85.349,91.640,94.570,95.641,7301730,3461067,3840663,22298622,13283988,9014634
"MAY 2014",7.2,-1.2,24.3,8.1,1.6,97.634,96.566,98.595,90.133,95.200,97.630,99.429,8518421,4616453,3901968,26691702,18131256,8560446
"JUN 2014",6.0,-3.5,19.5,9.1,-2.2,96.613,95.387,96.023,89.857,92.205,98.339,98.639,9038987,4768556,4270431,31567799,21698004,9869795
"JUL 2014",6.0,-5.6,23.5,9.8,0.1,105.587,104.465,103.173,104.801,102.112,109.444,103.963,9885449,5086871,4798578,37641540,24698709,12942831
"AGO 2014",9.0,-0.1,29.8,10.6,2.8,94.993,93.140,100.814,94.354,96.476,96.635,88.500,11228638,5544353,5684286,42991384,26540528,16450856
"SEP 2014",6.9,-4.6,24.4,9.9,-1.0,95.365,94.280,96.880,90.560,93.042,94.737,96.142,9342635,5071167,4271468,33858937,23305499,10553437
"OCT 2014",6.3,-5.4,29.5,12.2,5.2,98.775,97.904,99.981,89.492,98.057,99.287,100.315,7988684,4187495,3801189,26243441,18065539,8177902
"NOV 2014",6.9,-3.3,25.2,12.9,1.3,94.919,94.429,94.089,95.747,92.835,93.484,94.955,5144062,2181465,2962597,15113125,9049843,6063282
"DIC 2014",10.0,-3.0,39.3,21.1,6.4,117.679,119.437,117.400,141.574,116.438,118.197,112.448,4998810,1936437,3062373,14041916,7986508,6055408
"ENE 2015",10.5,5.2,29.6,12.7,3.2,100.785,101.689,94.151,112.270,99.356,103.300,98.284,4251906,1858514,2393392,13342087,8360385,4981703
"FEB 2015",12.9,7.9,31.8,17.9,1.0,84.966,84.426,86.775,79.507,81.573,84.618,88.881,4937718,2058753,2878965,14513335,8692060,5821275
"MAR 2015",14.5,11.9,39.9,25.0,8.2,94.170,93.476,96.570,85.986,92.351,92.429,98.117,6146078,2655636,3490443,18596568,10880104,7716464
"ABR 2015",16.0,18.8,35.9,23.3,6.7,95.371,94.732,96.550,88.374,93.721,95.615,98.076,7668482,3637340,4031142,23087381,13599890,9487491
"MAY 2015",15.9,14.3,36.7,21.4,3.4,98.794,98.055,98.442,92.822,98.182,98.138,100.257,9087139,4984371,4102767,28041622,19233177,8808445
"JUN 2015",13.4,13.5,31.7,19.1,5.0,100.147,99.510,99.957,94.681,99.059,100.638,101.626,9481768,4893862,4587906,32092513,21521458,10571055
"JUL 2015",13.7,12.9,28.9,15.5,0.6,109.671,109.238,106.541,111.602,109.391,111.866,107.108,10616662,5441003,5175659,39850064,25979666,13870398
"AGO 2015",13.5,15.9,24.9,18.8,0.4,97.016,95.913,102.267,99.452,100.242,96.070,90.744,11747649,5802487,5945162,44813404,27537189,17276215
"SEP 2015",11.3,9.6,27.9,15.4,3.6,98.091,98.176,99.317,95.130,98.001,97.047,100.086,9766395,5262357,4504038,34918861,23988101,10930759
"OCT 2015",15.0,15.1,34.9,16.2,5.0,102.083,102.552,102.950,97.742,105.622,101.445,102.595,8685869,4548026,4137843,28073790,19487673,8586116
"NOV 2015",15.7,12.8,34.6,21.7,0.3,98.185,98.751,96.239,99.293,98.993,97.755,98.671,5509265,2453388,3055877,15862738,10002281,5860457
"DIC 2015",17.0,13.9,38.0,20.6,1.0,120.719,123.483,120.241,143.141,123.509,121.077,115.554,5318037,2097633,3220404,15043365,8698839,6344526
"ENE 2016",16.8,19.3,34.9,23.5,3.7,101.395,103.142,94.257,114.038,102.489,103.438,98.632,4689264,2071241,2618022,14470851,9042054,5428798
"FEB 2016",14.3,12.2,33.2,21.0,2.5,88.914,89.630,92.374,84.274,89.522,87.595,92.645,5561906,2370156,3191750,16379849,9869534,6510315
"MAR 2016",11.4,7.7,29.7,19.4,3.2,95.640,96.197,99.979,87.610,97.254,93.822,99.798,7221796,3111627,4110169,22022933,12603332,9419601
"ABR 2016",10.8,8.6,30.2,17.6,6.3,98.659,99.637,100.096,93.206,101.226,97.654,101.717,7735455,3979694,3755761,23056973,15075994,7980979
"MAY 2016",13.3,9.5,33.4,22.2,2.9,98.869,99.250,99.056,92.238,99.627,98.023,102.286,9569945,5372881,4197064,30401275,21402102,8999173
"JUN 2016",9.9,7.8,29.7,20.7,7.8,103.702,104.060,102.770,99.560,104.892,102.748,105.655,10180427,5457337,4723090,34430872,24080008,10350864
"JUL 2016",14.1,11.4,32.9,22.4,2.0,110.775,111.227,108.090,114.616,113.792,110.577,107.729,11605320,6100964,5504356,42948946,28362245,14586701
"AGO 2016",11.1,3.3,30.2,16.4,0.1,100.262,99.960,105.882,100.928,105.653,98.857,95.181,12187504,6194038,5993466,46502956,29257315,17245641
"SEP 2016",11.0,7.4,29.9,19.6,4.3,100.698,101.035,102.287,96.768,102.407,98.432,102.571,10486719,5813937,4672782,37218422,26001999,11216422
"OCT 2016",11.7,7.5,35.2,17.7,7.6,102.947,103.339,103.275,99.217,106.829,101.967,102.650,9274924,4916290,4358634,30587997,21145869,9442129
"NOV 2016",11.3,7.6,32.0,18.3,5.7,102.262,102.953,99.504,105.236,104.300,100.905,101.445,5786675,2600378,3186298,17134705,10658131,6476574
"DIC 2016",12.7,12.6,31.1,16.9,5.6,123.872,126.147,123.020,146.736,128.526,123.475,116.006,5540097,2308244,3231853,16013165,9431229,6581936
"ENE 2017",12.6,10.0,35.6,24.8,7.7,105.400,105.920,96.398,116.214,107.751,102.817,100.896,4984634,2329619,2655015,15200690,9883800,5316890
"FEB 2017",10.5,4.8,33.1,21.6,6.3,89.706,89.131,91.484,83.616,90.808,85.008,91.510,5689624,2531890,3157734,16346534,10121322,6225212
"MAR 2017",10.7,3.6,32.2,20.3,3.8,100.898,100.564,103.781,91.504,103.921,94.999,103.617,6921086,3214910,3706176,20508641,12569758,7938883
"ABR 2017",10.6,7.3,32.0,17.0,7.4,100.047,99.890,101.147,96.203,103.335,94.410,100.501,9209286,4520901,4688384,27549426,16791693,10757733
"MAY 2017",10.1,8.2,28.9,16.6,6.8,104.456,104.439,103.679,97.986,107.748,100.155,105.929,9844007,5666062,4177945,31439920,22416238,9023683
"JUN 2017",13.8,13.3,35.7,17.6,7.6,107.763,108.006,107.077,106.007,112.243,103.608,106.833,10640606,5854925,4785681,36646402,25795662,10850740
"JUL 2017",13.0,11.1,37.7,21.7,9.8,113.032,113.436,110.564,117.518,119.943,109.821,107.476,11910574,6456965,5453609,43624461,29288076,14336386
"AGO 2017",9.1,2.3,30.4,15.3,5.4,103.094,102.489,109.167,105.235,111.379,99.806,94.849,12338502,6367755,5970747,46657187,29594071,17063116
"SEP 2017",10.7,7.7,33.7,24.5,9.2,104.098,104.184,106.470,101.986,110.432,99.145,101.695,10933324,6170665,4762659,37961599,26606342,11355257
"OCT 2017",10.6,9.2,32.1,23.1,9.5,102.684,102.569,105.029,95.769,108.505,98.310,102.060,9458368,5155786,4302582,30898617,21639598,9259019
"NOV 2017",10.0,6.2,33.6,22.0,9.8,106.784,107.287,102.903,110.832,112.547,102.928,102.854,6068289,2727362,3340928,17537436,10813437,6723998
"DIC 2017",10.5,10.7,30.3,19.9,9.6,126.469,128.672,126.412,151.024,136.230,125.910,113.567,5805767,2344059,3461708,16211799,9228127,6983672
"ENE 2018",11.3,4.9,36.3,18.8,7.2,107.932,108.281,98.668,116.259,111.839,106.806,102.190,5133729,2390570,2743159,15395882,9936282,5459601
"FEB 2018",13.0,8.3,37.1,25.6,6.5,92.094,91.337,93.775,85.865,95.168,87.710,91.577,5826145,2617623,3208522,16527859,10289137,6238722
"MAR 2018",10.8,6.8,36.3,23.6,10.6,103.085,102.681,107.766,94.459,110.120,98.114,101.410,7532288,3395532,4136756,21918931,12946909,8972022
"ABR 2018",10.9,3.0,37.4,24.3,7.8,101.836,101.203,102.651,95.145,105.772,97.210,101.188,8499926,4345053,4154873,25207350,15947842,9259508
"MAY 2018",8.8,2.1,33.7,21.0,9.5,106.685,105.744,106.605,98.110,110.980,102.753,105.464,10040281,5789920,4250360,31921157,22732654,9188503
"JUN 2018",11.4,2.2,38.0,21.7,6.0,111.649,110.975,110.632,108.824,118.601,106.412,106.945,10846347,5977593,4868754,36168465,25311127,10857338
"JUL 2018",11.0,8.5,33.8,18.9,9.1,115.606,114.543,111.733,116.499,122.059,110.844,108.529,11707840,6327142,5380698,42717096,28532030,14185066
"AGO 2018",11.0,3.1,38.0,17.9,8.3,106.530,104.653,112.507,106.535,115.093,100.080,96.589,12500596,6319039,6181557,46306240,28772169,17534070
"SEP 2018",9.2,5.9,29.1,18.7,7.5,104.006,102.576,105.801,99.615,109.238,97.140,100.034,11000902,6160333,4840570,37768667,26357900,11410767
"OCT 2018",9.5,4.6,30.5,15.9,6.7,110.587,109.697,110.466,105.631,118.479,105.240,105.484,9666570,5311648,4354922,31132356,21846402,9285954
"NOV 2018",10.7,8.6,30.1,17.7,6.5,110.459,110.153,105.558,114.887,117.157,105.045,103.914,6485702,2934271,3551431,18261076,11105954,7155122
"DIC 2018",10.7,9.0,28.4,14.0,5.1,127.888,129.934,127.769,151.535,138.712,126.356,114.433,6071139,2577031,3494108,16655848,9702778,6953070
"ENE 2019",7.2,1.8,29.1,15.5,9.3,110.592,110.909,101.902,119.053,116.631,108.399,103.401,5251558,2495901,2755656,15506154,10006273,5499882
"FEB 2019",5.9,-1.7,28.0,15.3,8.5,94.749,93.762,96.454,85.460,98.885,92.652,93.310,6011298,2695930,3315368,16589486,10193198,6396288
"MAR 2019",10.0,4.0,31.6,21.7,5.7,104.867,103.654,107.864,94.114,111.734,100.923,101.817,7534311,3500530,4033782,21520914,13038510,8482404
"ABR 2019",5.7,-3.7,27.3,19.1,6.4,105.410,104.153,107.519,97.670,111.178,102.310,101.567,9138989,4668321,4470668,26808982,16684153,10124829
"MAY 2019",5.3,1.3,24.2,13.6,9.6,110.619,109.273,109.336,102.163,116.328,107.770,106.800,10509949,5931136,4578814,31905788,22075560,9830228
"JUN 2019",6.3,1.8,25.8,12.6,8.7,111.750,110.719,109.410,109.522,118.697,107.904,105.413,11371775,6188404,5183371,37163185,25557026,11606159
"JUL 2019",3.0,-2.0,21.3,12.1,10.5,120.931,119.916,116.755,122.044,130.379,116.043,111.456,12124664,6455207,5669457,43199530,28327761,14871768
"AGO 2019",6.1,2.2,22.9,12.8,6.9,109.390,107.637,115.728,108.894,120.542,105.756,96.727,13028096,6595367,6432729,47059511,28813745,18245766
"SEP 2019",3.9,0.3,19.1,11.3,7.7,106.667,105.532,107.494,101.340,113.727,102.602,101.374,11038778,6229262,4809515,37572668,26031614,11541054
"OCT 2019",-0.1,-9.2,18.2,14.1,9.3,112.339,111.571,112.856,104.885,120.988,109.610,107.072,9772631,5451507,4321124,30363238,21579069,8784169
"NOV 2019",-0.1,-7.7,16.2,8.3,8.7,113.286,113.296,108.585,119.009,122.896,109.387,104.051,6693210,3107299,3585911,18339394,11139390,7200004
"DIC 2019",3.7,-0.1,20.6,8.1,9.4,130.688,132.632,128.230,155.141,144.149,129.100,114.384,6240788,2662995,3577792,16966744,9940055,7026688
"ENE 2020",1.6,0.4,12.9,3.1,8.4,112.421,112.366,104.430,121.303,121.139,108.664,102.294,5577618,2650914,2926703,15968171,10263114,5705057
"FEB 2020",1.9,-1.4,14.2,5.6,7.1,100.033,99.328,103.687,91.953,110.342,93.015,95.250,6456402,2819939,3636463,17614206,10610233,7003972
"MAR 2020",-1.4,-1.2,3.1,2.6,6.1,88.305,89.676,118.391,71.096,113.707,72.720,83.300,2656776,1201164,1455613,8372820,5292744,3080076
"ABR 2020",-38.5,-39.1,-55.9,-51.6,20.5,70.416,73.772,110.697,50.196,103.751,49.186,67.368,0,0,0,0,0,0
"MAY 2020",-34.1,-56.0,-26.0,-34.0,20.3,85.888,89.208,111.295,70.999,112.611,66.580,85.367,98561,13757,84804,271149,50571,220577
"JUN 2020",-25.3,-60.1,-0.2,-5.5,15.8,106.241,109.074,110.458,112.321,123.840,93.739,100.723,944923,120530,824393,1870057,321636,1548421
"JUL 2020",-22.6,-55.6,1.3,-6.2,13.4,114.757,115.982,116.808,118.762,130.498,102.358,107.375,4407783,1135825,3271958,11731245,4169806,7561439
"AGO 2020",-27.8,-47.8,-18.9,-15.2,16.7,103.089,103.238,111.877,106.451,121.375,90.089,91.211,5924218,1275650,4648568,16927211,4869172,12058039
"SEP 2020",-24.6,-43.0,-17.3,-18.9,13.4,103.400,104.500,108.200,103.300,119.100,89.700,97.900,3513294,607415,2905879,8219094,1826034,6393060
"OCT 2020",-17.9,-30.5,-12.0,-15.7,11.1,108.000,109.700,115.800,108.000,129.300,93.300,99.800,2406759,488772,1917987,5128825,1370657,3758168
"NOV 2020",-26.8,-39.4,-26.2,-26.4,14.7,104.900,107.400,109.200,108.900,123.900,93.200,97.800,1184922,259904,925018,2874269,1075086,1799183
"DIC 2020",-22.5,-44.7,-7.8,-13.1,14.9,128.800,133.200,135.100,152.100,153.600,118.100,113.400,1417815,320386,1097429,3245991,1222935,2023056
"ENE 2021",-25.0,-42.7,-21.3,-20.1,10.9,100.600,102.400,106.400,100.100,120.600,88.300,92.900,1092017,228105,863912,2393440,757416,1636024
"FEB 2021",-29.7,-47.1,-28.7,-34.3,13.1,90.500,91.400,101.100,81.300,107.200,77.700,86.900,1152795,198176,954619,2384740,645659,1739081
"MAR 2021",-21.2,-47.4,-4.1,-15.3,12.1,106.800,107.300,114.600,101.800,124.700,92.900,99.600,1735172,306004,1429168,3521656,970088,2551569
"ABR 2021",-3.0,-18.9,16.7,8.4,6.7,101.600,102.200,108.400,98.100,118.100,87.300,95.500,1933219,386942,1546277,4052125,1258665,2793461
"MAY 2021",2.3,-7.4,20.9,9.9,6.6,107.100,106.900,108.800,107.700,120.500,92.800,99.900,3358838,805203,2553635,7226242,2586830,4639412
"JUN 2021",7.6,6.9,21.5,11.2,5.5,113.200,112.900,111.600,113.800,128.100,101.600,103.300,5604215,1455532,4148683,14110485,5225347,8885138
"JUL 2021",3.8,0.0,14.8,9.5,3.3,120.500,119.900,120.300,121.700,134.600,109.300,109.900,8565366,2791604,5773762,26395575,11468389,14927186
"AGO 2021",8.2,3.0,25.4,12.4,3.6,108.700,107.100,114.700,110.000,123.400,101.400,93.600,10422992,3480773,6942219,34493831,14896311,19597520
"SEP 2021",7.6,-4.0,30.6,12.3,4.0,110.200,109.500,111.100,108.000,122.700,100.100,101.800,8230619,3288344,4942275,25655491,13836047,11819444
"OCT 2021",13.0,5.6,33.6,19.9,0.2,113.900,113.000,116.300,115.500,128.700,104.700,101.100,8102328,3512407,4589922,23878482,14352742,9525740
"NOV 2021",9.7,6.3,23.4,18.5,0.7,"_","_","_","_","_","_","_","_","_","_","_","_","_"
"FUENTE","COMISION DE LA UE (EUROPEAN ECONOMY.SUPLEMENT B)","COMISION DE LA UE (EUROPEAN ECONOMY.SUPLEMENT B)","COMISION DE LA UE (EUROPEAN ECONOMY.SUPLEMENT B)","COMISION DE LA UE (EUROPEAN ECONOMY.SUPLEMENT B)","COMISION DE LA UE (EUROPEAN ECONOMY.SUPLEMENT B)","Instituto Nacional de Estadistica","Instituto Nacional de Estadistica","Instituto Nacional de Estadistica","Instituto Nacional de Estadistica","Instituto Nacional de Estadistica","Instituto Nacional de Estadistica","Instituto Nacional de Estadistica","Instituto Nacional de Estadística","Instituto Nacional de Estadística","Instituto Nacional de Estadística","Instituto Nacional de Estadística","Instituto Nacional de Estadística","Instituto Nacional de Estadística"
"NOTAS","MEDIA ARITMETICA DE LOS SALDOS DE LAS OPINIONES EMPRESARIALES REFERIDAS A LA SITUACION ACTUAL DEL NEGOCIO,EXPECTATIVAS DEL NEGOCIO Y NIVEL DE EXISTENCIAS (CAMBIADA DE SIGNO)","DIFERENCIA ENTRE PORCENTAJES DE RESPUESTAS: SITUACION BUENA (+1) O MALA (-1)","DIFERENCIA ENTRE PORCENTAJES DE RESPUESTAS: TENDENCIA AL ALZA (+1) O A LA BAJA (-1)","DIFERENCIA ENTRE PORCENTAJES DE RESPUESTAS: TENDENCIA AL ALZA (+1) O A LA BAJA (-1)","DIFERENCIA ENTRE PORCENTAJES NETOS: MUY PEQUEÑO (+1) O MUY GRANDE (-1); UN MAYOR VALOR SIGNIFICA MENOS EXISTENCIAS","","","","","","","","Esta serie presenta una serie de rupturas: A partir de 1999 la encuesta incluye aquellos establecimientos con categoria una estrella de plata y similares. Desde enero de 2003, para Galicia, información procedente del declarativo sobre totales de entradas de viajeros y pernoctaciones del mes. Se ha realizado una revisión exhaustiva del directorio. Desde enero de 2006, se ha actualizado los directorios y ampliado el ámbito temporal de recogida  de la información a todos los días del mes. En junio de 2009 y julio de 2010 se actualiza el directorio de establecimientos hoteleros de Canarias.  En enero de 2011 el de la Comunidad Foral de Navarra y en marzo de 2011 y febrero de 2012 el de Extremadura.","Esta serie presenta una serie de rupturas: A partir de 1999 la encuesta incluye aquellos establecimientos con categoria una estrella de plata y similares. Desde enero de 2003, para Galicia, información procedente del declarativo sobre totales de entradas de viajeros y pernoctaciones del mes. Se ha realizado una revisión exhaustiva del directorio. Desde enero de 2006, se ha actualizado los directorios y ampliado el ámbito temporal de recogida  de la información a todos los días del mes. En junio de 2009 y julio de 2010 se actualiza el directorio de establecimientos hoteleros de Canarias.  En enero de 2011 el de la Comunidad Foral de Navarra y en marzo de 2011 y febrero de 2012 el de Extremadura.","Esta serie presenta una serie de rupturas: A partir de 1999 la encuesta incluye aquellos establecimientos con categoria una estrella de plata y similares. Desde enero de 2003, para Galicia, información procedente del declarativo sobre totales de entradas de viajeros y pernoctaciones del mes. Se ha realizado una revisión exhaustiva del directorio. Desde enero de 2006, se ha actualizado los directorios y ampliado el ámbito temporal de recogida  de la información a todos los días del mes. En junio de 2009 y julio de 2010 se actualiza el directorio de establecimientos hoteleros de Canarias.  En enero de 2011 el de la Comunidad Foral de Navarra y en marzo de 2011 y febrero de 2012 el de Extremadura.","Esta serie presenta una serie de rupturas: A partir de 1999 la encuesta incluye aquellos establecimientos con categoria una estrella de plata y similares. Desde enero de 2003, para Galicia, información procedente del declarativo sobre totales de entradas de viajeros y pernoctaciones del mes. Se ha realizado una revisión exhaustiva del directorio. Desde enero de 2006, se ha actualizado los directorios y ampliado el ámbito temporal de recogida  de la información a todos los días del mes. En junio de 2009 y julio de 2010 se actualiza el directorio de establecimientos hoteleros de Canarias.  En enero de 2011 el de la Comunidad Foral de Navarra y en marzo de 2011 y febrero de 2012 el de Extremadura.","Esta serie presenta una serie de rupturas: A partir de 1999 la encuesta incluye aquellos establecimientos con categoria una estrella de plata y similares. Desde enero de 2003, para Galicia, información procedente del declarativo sobre totales de entradas de viajeros y pernoctaciones del mes. Se ha realizado una revisión exhaustiva del directorio. Desde enero de 2006, se ha actualizado los directorios y ampliado el ámbito temporal de recogida  de la información a todos los días del mes. En junio de 2009 y julio de 2010 se actualiza el directorio de establecimientos hoteleros de Canarias.  En enero de 2011 el de la Comunidad Foral de Navarra y en marzo de 2011 y febrero de 2012 el de Extremadura.","Esta serie presenta una serie de rupturas: A partir de 1999 la encuesta incluye aquellos establecimientos con categoria una estrella de plata y similares. Desde enero de 2003, para Galicia, información procedente del declarativo sobre totales de entradas de viajeros y pernoctaciones del mes. Se ha realizado una revisión exhaustiva del directorio. Desde enero de 2006, se ha actualizado los directorios y ampliado el ámbito temporal de recogida  de la información a todos los días del mes. En junio de 2009 y julio de 2010 se actualiza el directorio de establecimientos hoteleros de Canarias.  En enero de 2011 el de la Comunidad Foral de Navarra y en marzo de 2011 y febrero de 2012 el de Extremadura."
